1501,AAAAAAAANNFAAAAA,2450618,2450620,13615,1000.00,1,ought,N,N,N,N,N,N,N,N,Senior walls should not enjoy,Unknown,N
1502,AAAAAAAAONFAAAAA,2450739,2450770,499111,1000.00,1,able,Y,N,N,N,N,N,N,N,Contents come later wr,Unknown,N
1503,AAAAAAAAPNFAAAAA,2450708,2450754,168703,1000.00,1,pri,Y,N,N,N,N,N,N,N,Cheap agricultural feet commit ne,Unknown,N
1504,AAAAAAAAAOFAAAAA,2450402,2450431,339067,1000.00,1,ese,N,N,N,N,N,N,N,N,No longer monthly programmes c,Unknown,N
1505,AAAAAAAABOFAAAAA,2450764,\\N,\\N,\\N,1,anti,N,\\N,N,N,\\N,N,\\N,N,\\N,Unknown,N
1506,AAAAAAAACOFAAAAA,2450112,2450172,469798,1000.00,1,cally,N,N,N,N,N,N,N,N,High\, glorious beds ,Unknown,N
1507,AAAAAAAADOFAAAAA,2450639,2450681,333866,1000.00,1,ation,N,N,N,N,N,N,N,N,Religious\, gastric emotions ought to condemn taxes. A,Unknown,N
1508,AAAAAAAAEOFAAAAA,2450352,2450385,127291,1000.00,1,eing,Y,N,N,N,N,N,N,N,Together particular factors use together with a products; ol,Unknown,N
1509,AAAAAAAAFOFAAAAA,2450395,2450413,107078,1000.00,1,n st,N,N,N,N,N,N,N,N,Other\, wrong delegates remember reasonabl,Unknown,N
1510,AAAAAAAAGOFAAAAA,2450193,2450220,29066,1000.00,1,bar,Y,N,N,N,N,N,N,N,Present areas deserve. New\, good spirits could look at ,Unknown,N
1511,AAAAAAAAHOFAAAAA,2450700,2450722,186680,1000.00,1,ought,N,N,N,N,N,N,N,N,Big\, right factors learn european countries. Shallow\, comp,Unknown,N
1512,AAAAAAAAIOFAAAAA,2450663,2450716,417620,1000.00,1,able,N,N,N,N,N,N,N,N,Warm\, new police benefit even to a authorities. Weapons go,Unknown,N
1513,AAAAAAAAJOFAAAAA,2450137,2450155,122623,1000.00,1,pri,Y,N,N,N,N,N,N,N,Australian\, able rules match aside responses. Softly a,Unknown,N
1514,AAAAAAAAKOFAAAAA,2450632,2450645,189776,1000.00,1,ese,N,N,N,N,N,N,N,N,Welsh missiles should ,Unknown,N
1515,AAAAAAAALOFAAAAA,2450472,2450490,98509,1000.00,1,anti,Y,N,N,N,N,N,N,N,Measures should turn at all british finger,Unknown,N
1516,AAAAAAAAMOFAAAAA,2450897,2450905,3592,1000.00,1,cally,N,N,N,N,N,N,N,N,Great\, single strings might not undo o,Unknown,N
1517,AAAAAAAANOFAAAAA,2450297,2450341,262984,1000.00,1,ation,N,N,N,N,N,N,N,N,Consistent\, social interviews put with a weapons. Exp,Unknown,N
1518,AAAAAAAAOOFAAAAA,2450309,2450322,467390,1000.00,1,eing,N,N,N,N,N,N,N,N,So open services fai,Unknown,N
1519,AAAAAAAAPOFAAAAA,2450676,2450699,404276,1000.00,1,n st,Y,N,N,N,N,N,N,N,Much cultural firms exerc,Unknown,N
1520,AAAAAAAAAPFAAAAA,2450561,2450587,348410,1000.00,1,bar,N,N,N,N,N,N,N,N,Particular rates develop surfaces. Adequate\, favorite wings,Unknown,N
1521,AAAAAAAABPFAAAAA,2450875,2450887,162764,1000.00,1,ought,Y,N,N,N,N,N,N,N,Separate prisoners vote often wrong\, beautiful sources. Gre,Unknown,N
1522,AAAAAAAACPFAAAAA,2450337,2450389,410029,1000.00,1,able,Y,N,N,N,N,N,N,N,Essential\, steady clothes would purchase otherwise early\,,Unknown,N
1523,AAAAAAAADPFAAAAA,2450343,2450345,431407,1000.00,1,pri,Y,N,N,N,N,N,N,N,Too empirical results will love contracts. Just bri,Unknown,N
1524,AAAAAAAAEPFAAAAA,2450387,2450439,364562,1000.00,1,ese,Y,N,N,N,N,N,N,N,Young spirits say almost,Unknown,N
1525,AAAAAAAAFPFAAAAA,2450668,2450674,369112,1000.00,1,anti,N,N,N,N,N,N,N,N,Therefore principal parties ta,Unknown,N
1526,AAAAAAAAGPFAAAAA,2450552,2450595,16526,1000.00,1,cally,N,N,N,N,N,N,N,N,Financial numbers must take well reliable\, ,Unknown,N
1527,AAAAAAAAHPFAAAAA,2450318,2450378,34508,1000.00,1,ation,N,N,N,N,N,N,N,N,Too related sales mount sol,Unknown,N
1528,AAAAAAAAIPFAAAAA,2450863,2450898,103388,1000.00,1,eing,Y,N,N,N,N,N,N,N,Now loose farmers tempt white legs. Quickly new,Unknown,N
1529,AAAAAAAAJPFAAAAA,2450471,2450474,2731,1000.00,1,n st,Y,N,N,N,N,N,N,N,Peculiar organisms w,Unknown,N
1530,AAAAAAAAKPFAAAAA,2450861,2450917,474740,1000.00,1,bar,Y,N,N,N,N,N,N,N,About military items propose merel,Unknown,N
1531,AAAAAAAALPFAAAAA,2450894,2450908,399980,1000.00,1,ought,Y,N,N,N,N,N,N,N,Experts find again specific others; rights a,Unknown,N
1532,AAAAAAAAMPFAAAAA,2450296,2450353,49634,1000.00,1,able,N,N,N,N,N,N,N,N,Good\, old areas accept also children. Illustrations happ,Unknown,N
1533,AAAAAAAANPFAAAAA,2450203,2450208,346675,1000.00,1,pri,Y,N,N,N,N,N,N,N,Problems adopt above\, effective re,Unknown,N
1534,AAAAAAAAOPFAAAAA,2450206,2450244,477310,1000.00,1,ese,Y,N,N,N,N,N,N,N,Premises enable from a opportunities. Permanent\, partic,Unknown,N
1535,AAAAAAAAPPFAAAAA,2450105,2450153,42542,1000.00,1,anti,Y,N,N,N,N,N,N,N,Typical\, extreme children get. Ju,Unknown,N
1536,AAAAAAAAAAGAAAAA,2450466,2450507,476587,1000.00,1,cally,N,N,N,N,N,N,N,N,Broad arrangements keep aspirations; joint\, ,Unknown,N
1537,AAAAAAAABAGAAAAA,2450575,2450588,464956,1000.00,1,ation,Y,N,N,N,N,N,N,N,Free detectives lack vocational\, scientifi,Unknown,N
1538,AAAAAAAACAGAAAAA,2450867,2450924,325549,1000.00,1,eing,Y,N,N,N,N,N,N,N,Months should find rather old\, public miners,Unknown,N
1539,AAAAAAAADAGAAAAA,2450146,2450169,196147,1000.00,1,n st,Y,N,N,N,N,N,N,N,Conservatives speak strong moves. Poor\, open workers sh,Unknown,N
1540,AAAAAAAAEAGAAAAA,2450658,2450667,47641,1000.00,1,bar,Y,N,N,N,N,N,N,N,Even small resources consist arts. Further hard coun,Unknown,N
1541,AAAAAAAAFAGAAAAA,2450102,2450147,41138,1000.00,1,ought,Y,N,N,N,N,N,N,N,As nice stars shall contract ot,Unknown,N
1542,AAAAAAAAGAGAAAAA,2450689,2450703,316048,1000.00,1,able,Y,N,N,N,N,N,N,N,Streets might need too new\, clear h,Unknown,N
1543,AAAAAAAAHAGAAAAA,2450444,2450503,430456,1000.00,1,pri,Y,N,N,N,N,N,N,N,Public papers register up to more,Unknown,N
1544,AAAAAAAAIAGAAAAA,2450552,2450554,348380,1000.00,1,ese,Y,N,N,N,N,N,N,N,Designers ought to assume. Now top years,Unknown,N
1545,AAAAAAAAJAGAAAAA,2450502,2450542,58021,1000.00,1,anti,Y,N,N,N,N,N,N,N,So-called\, close pp. happe,Unknown,N
1546,AAAAAAAAKAGAAAAA,2450156,2450184,306067,1000.00,1,cally,N,N,N,N,N,N,N,N,Minutes should not present even always shared telecommu,Unknown,N
1547,AAAAAAAALAGAAAAA,2450566,2450619,82369,1000.00,1,ation,N,N,N,N,N,N,N,N,Financial cars go other nations. Years think anyway mysterio,Unknown,N
1548,AAAAAAAAMAGAAAAA,2450657,2450700,420122,1000.00,1,eing,Y,N,N,N,N,N,N,N,Prime institutions m,Unknown,N
1549,AAAAAAAANAGAAAAA,2450518,2450537,475376,1000.00,1,n st,N,N,N,N,N,N,N,N,Massive issues used to cause early,Unknown,N
1550,AAAAAAAAOAGAAAAA,2450593,2450640,386582,1000.00,1,bar,Y,N,N,N,N,N,N,N,Local\, gay officials might not increase as. Northern ,Unknown,N
1551,AAAAAAAAPAGAAAAA,2450263,2450282,259058,1000.00,1,ought,Y,N,N,N,N,N,N,N,Historians would exam,Unknown,N
1552,AAAAAAAAABGAAAAA,2450358,2450403,456865,1000.00,1,able,N,N,N,N,N,N,N,N,Successfully possible changes forgive more tha,Unknown,N
1553,AAAAAAAABBGAAAAA,2450428,2450451,197564,1000.00,1,pri,N,N,N,N,N,N,N,N,Poor origins might register small cards. Grudgingly regular ,Unknown,N
1554,AAAAAAAACBGAAAAA,2450103,2450107,252808,1000.00,1,ese,Y,N,N,N,N,N,N,N,Rough\, central features must,Unknown,N
1555,AAAAAAAADBGAAAAA,2450760,2450806,111302,1000.00,1,anti,Y,N,N,N,N,N,N,N,Words could not like on a prob,Unknown,N
1556,AAAAAAAAEBGAAAAA,2450806,2450821,104536,1000.00,1,cally,N,N,N,N,N,N,N,N,Fair\, broad threats get naturally magnificent\, labour sha,Unknown,N
1557,AAAAAAAAFBGAAAAA,2450211,2450222,376826,1000.00,1,ation,N,N,N,N,N,N,N,N,Thereby regular problems must not exercise as minera,Unknown,N
1558,AAAAAAAAGBGAAAAA,2450120,2450133,78655,1000.00,1,eing,Y,N,N,N,N,N,N,N,Key hundreds advise levels. Able\, modern tra,Unknown,N
1559,AAAAAAAAHBGAAAAA,2450826,2450876,45040,1000.00,1,n st,Y,N,N,N,N,N,N,N,Libraries can make again yet leve,Unknown,N
1560,AAAAAAAAIBGAAAAA,2450457,2450515,470468,1000.00,1,bar,N,N,N,N,N,N,N,N,Previous windows woul,Unknown,N
1561,AAAAAAAAJBGAAAAA,2450700,2450743,359164,1000.00,1,ought,N,N,N,N,N,N,N,N,Ready girls maintain little for a resourc,Unknown,N
1562,AAAAAAAAKBGAAAAA,2450507,2450523,171043,1000.00,1,able,N,N,N,N,N,N,N,N,Areas wait now other\, new findings. Exper,Unknown,N
1563,AAAAAAAALBGAAAAA,2450516,2450564,130645,1000.00,1,pri,N,N,N,N,N,N,N,N,Tory activities hear likely students. Bi,Unknown,N
1564,AAAAAAAAMBGAAAAA,2450900,2450947,403165,1000.00,1,ese,Y,N,N,N,N,N,N,N,Issues should become heavy\,,Unknown,N
1565,AAAAAAAANBGAAAAA,2450355,2450367,457873,1000.00,1,anti,Y,N,N,N,N,N,N,N,Occasionally various criteria,Unknown,N
1566,AAAAAAAAOBGAAAAA,2450636,2450652,328609,1000.00,1,cally,Y,N,N,N,N,N,N,N,Even very prices set maybe de,Unknown,N
1567,AAAAAAAAPBGAAAAA,2450296,2450354,401842,1000.00,1,ation,N,N,N,N,N,N,N,N,Left terms condemn also communication,Unknown,N
1568,AAAAAAAAACGAAAAA,2450378,2450430,439663,1000.00,1,eing,Y,N,N,N,N,N,N,N,Electronic\, fresh differenc,Unknown,N
1569,AAAAAAAABCGAAAAA,2450447,2450460,358312,1000.00,1,n st,N,N,N,N,N,N,N,N,Significant\, domestic experiments d,Unknown,N
1570,AAAAAAAACCGAAAAA,2450145,2450184,197734,1000.00,1,bar,Y,N,N,N,N,N,N,N,Sufficient\, long costs should obey now here private co,Unknown,N
1571,AAAAAAAADCGAAAAA,2450733,2450789,170293,1000.00,1,ought,Y,N,N,N,N,N,N,N,Likely\, desperate skills shall hear average\, other feet. T,Unknown,N
1572,AAAAAAAAECGAAAAA,2450601,2450628,362047,1000.00,1,able,N,N,N,N,N,N,N,N,Even main sales would not becom,Unknown,N
1573,AAAAAAAAFCGAAAAA,2450561,2450579,73924,1000.00,1,pri,N,N,N,N,N,N,N,N,Always changing divisions m,Unknown,N
1574,AAAAAAAAGCGAAAAA,2450281,2450282,117817,1000.00,1,ese,N,N,N,N,N,N,N,N,Steadily little soldiers may,Unknown,N
1575,AAAAAAAAHCGAAAAA,2450737,2450796,149662,1000.00,1,anti,N,N,N,N,N,N,N,N,Special\, small views would attempt into a sec,Unknown,N
1576,AAAAAAAAICGAAAAA,2450644,2450698,352228,1000.00,1,cally,N,N,N,N,N,N,N,N,Candidates specify. Bright\, different duties will weave en,Unknown,N
1577,AAAAAAAAJCGAAAAA,2450486,2450518,422696,1000.00,1,ation,N,N,N,N,N,N,N,N,Just theoretical rel,Unknown,N
1578,AAAAAAAAKCGAAAAA,2450528,2450532,99454,1000.00,1,eing,N,N,N,N,N,N,N,N,Democratic\, recent heads shall simplify wistfully ,Unknown,N
1579,AAAAAAAALCGAAAAA,2450489,2450524,251344,1000.00,1,n st,Y,N,N,N,N,N,N,N,Away main frames might not discuss indeed to,Unknown,N
1580,AAAAAAAAMCGAAAAA,2450780,2450786,130754,1000.00,1,bar,Y,N,N,N,N,N,N,N,Problems must get however rare views; large obligations,Unknown,N
1581,AAAAAAAANCGAAAAA,2450162,2450175,107743,1000.00,1,ought,Y,N,N,N,N,N,N,N,Prime applicants could not begin as fine\, powe,Unknown,N
1582,AAAAAAAAOCGAAAAA,2450637,2450694,136442,1000.00,1,able,Y,N,N,N,N,N,N,N,Modern\, difficult allegations cannot learn very from a o,Unknown,N
1583,AAAAAAAAPCGAAAAA,2450530,2450535,194606,1000.00,1,pri,Y,N,N,N,N,N,N,N,British dates warn for instance clo,Unknown,N
1584,AAAAAAAAADGAAAAA,2450590,2450598,275737,1000.00,1,ese,Y,N,N,N,N,N,N,N,Sound buildings require alleged\, rural steps.,Unknown,N
1585,AAAAAAAABDGAAAAA,2450840,2450850,341356,1000.00,1,anti,Y,N,N,N,N,N,N,N,Years might get only ok only pena,Unknown,N
1586,AAAAAAAACDGAAAAA,2450477,2450492,120044,1000.00,1,cally,N,N,N,N,N,N,N,N,Masses would see mont,Unknown,N
1587,AAAAAAAADDGAAAAA,2450247,2450288,302071,1000.00,1,ation,N,N,N,N,N,N,N,N,Great\, other places use a,Unknown,N
1588,AAAAAAAAEDGAAAAA,2450563,2450615,3199,1000.00,1,eing,Y,N,N,N,N,N,N,N,Now other rights eliminate even a,Unknown,N
1589,AAAAAAAAFDGAAAAA,2450900,2450952,340165,1000.00,1,n st,Y,N,N,N,N,N,N,N,Harsh experiments take,Unknown,N
1590,AAAAAAAAGDGAAAAA,\\N,2450383,\\N,1000.00,\\N,bar,\\N,N,N,\\N,\\N,\\N,\\N,N,\\N,\\N,N
1591,AAAAAAAAHDGAAAAA,2450663,2450697,86353,1000.00,1,ought,Y,N,N,N,N,N,N,N,Savagely successful tests ,Unknown,N
1592,AAAAAAAAIDGAAAAA,2450673,2450677,241426,1000.00,1,able,N,N,N,N,N,N,N,N,National\, left parts could not stop als,Unknown,N
1593,AAAAAAAAJDGAAAAA,2450799,2450845,110194,1000.00,1,pri,N,N,N,N,N,N,N,N,Appointments cannot trap then other circles. Huge i,Unknown,N
1594,AAAAAAAAKDGAAAAA,2450485,2450516,158884,1000.00,1,ese,N,N,N,N,N,N,N,N,Technological\, public minutes go o,Unknown,N
1595,AAAAAAAALDGAAAAA,2450379,2450408,252613,1000.00,1,anti,Y,N,N,N,N,N,N,N,Professionals know that is to say de,Unknown,N
1596,AAAAAAAAMDGAAAAA,2450774,2450788,401785,1000.00,1,cally,N,N,N,N,N,N,N,N,Churches ought to take here. Hitherto chris,Unknown,N
1597,AAAAAAAANDGAAAAA,2450669,2450715,385558,1000.00,1,ation,N,N,N,N,N,N,N,N,Policies mind here men. So only communications might forget,Unknown,N
1598,AAAAAAAAODGAAAAA,2450830,2450845,\\N,\\N,1,eing,\\N,N,\\N,N,\\N,N,N,N,\\N,Unknown,N
1599,AAAAAAAAPDGAAAAA,2450434,2450436,375253,1000.00,1,n st,N,N,N,N,N,N,N,N,Clear telecommunications would report ,Unknown,N
1600,AAAAAAAAAEGAAAAA,2450107,2450142,203497,1000.00,1,bar,Y,N,N,N,N,N,N,N,Tender materials will mean ,Unknown,N
1601,AAAAAAAABEGAAAAA,2450508,2450520,384145,1000.00,1,ought,N,N,N,N,N,N,N,N,Very only types can fee,Unknown,N
1602,AAAAAAAACEGAAAAA,2450628,2450688,410023,1000.00,1,able,N,N,N,N,N,N,N,N,Funds can prevent again i,Unknown,N
1603,AAAAAAAADEGAAAAA,2450742,2450747,99794,1000.00,1,pri,N,N,N,N,N,N,N,N,Quickly scottish injur,Unknown,N
1604,AAAAAAAAEEGAAAAA,2450536,2450593,157588,1000.00,1,ese,Y,N,N,N,N,N,N,N,Social others defy over years. Young r,Unknown,N
1605,AAAAAAAAFEGAAAAA,2450858,2450915,441847,1000.00,1,anti,N,N,N,N,N,N,N,N,Expert\, civil days may join as civi,Unknown,N
1606,AAAAAAAAGEGAAAAA,2450332,2450368,213784,1000.00,1,cally,N,N,N,N,N,N,N,N,Most standard images should not like o,Unknown,N
1607,AAAAAAAAHEGAAAAA,2450554,2450562,455317,1000.00,1,ation,Y,N,N,N,N,N,N,N,Criteria shall identify only unknown respo,Unknown,N
1608,AAAAAAAAIEGAAAAA,2450834,2450885,73936,1000.00,1,eing,Y,N,N,N,N,N,N,N,Modern models assess anxiously new telecom,Unknown,N
1609,AAAAAAAAJEGAAAAA,2450304,2450342,24884,1000.00,1,n st,Y,N,N,N,N,N,N,N,Heads cannot cultivate again i,Unknown,N
1610,AAAAAAAAKEGAAAAA,2450701,2450749,359377,1000.00,1,bar,N,N,N,N,N,N,N,N,Thoughts must expand great\, clear p,Unknown,N
1611,AAAAAAAALEGAAAAA,2450170,2450212,270796,1000.00,1,ought,Y,N,N,N,N,N,N,N,Joint\, alone companies afford. Boo,Unknown,N
1612,AAAAAAAAMEGAAAAA,2450149,2450196,65413,1000.00,1,able,Y,N,N,N,N,N,N,N,European buildings seek only faces. G,Unknown,N
1613,AAAAAAAANEGAAAAA,2450639,2450642,140714,1000.00,1,pri,Y,N,N,N,N,N,N,N,Explanations might support towards a member,Unknown,N
1614,AAAAAAAAOEGAAAAA,2450904,2450964,385606,1000.00,1,ese,Y,N,N,N,N,N,N,N,Theoretical scientists conduct fully,Unknown,N
1615,AAAAAAAAPEGAAAAA,2450203,2450235,145462,1000.00,1,anti,Y,N,N,N,N,N,N,N,Other\, only events react procedures. Common prices save o,Unknown,N
1616,AAAAAAAAAFGAAAAA,2450686,2450731,414902,1000.00,1,cally,Y,N,N,N,N,N,N,N,Old terms must create fingers. Happy\, severe sorts ,Unknown,N
1617,AAAAAAAABFGAAAAA,2450224,2450230,283094,1000.00,1,ation,Y,N,N,N,N,N,N,N,Insufficient\, individual contracts vote awa,Unknown,N
1618,AAAAAAAACFGAAAAA,2450643,2450671,103012,1000.00,1,eing,Y,N,N,N,N,N,N,N,Affairs can come also achie,Unknown,N
1619,AAAAAAAADFGAAAAA,2450565,2450624,279136,1000.00,1,n st,Y,N,N,N,N,N,N,N,New copies could relax meanwhile parties; students may n,Unknown,N
1620,AAAAAAAAEFGAAAAA,2450184,2450205,149806,1000.00,1,bar,Y,N,N,N,N,N,N,N,Physical workers hear straight always alone yea,Unknown,N
1621,AAAAAAAAFFGAAAAA,2450725,2450773,333766,1000.00,1,ought,N,N,N,N,N,N,N,N,Only german horses ought to m,Unknown,N
1622,AAAAAAAAGFGAAAAA,2450112,2450128,345014,1000.00,1,able,N,N,N,N,N,N,N,N,Governments should not use with the chemicals. Good quest,Unknown,N
1623,AAAAAAAAHFGAAAAA,2450856,2450907,87896,1000.00,1,pri,N,N,N,N,N,N,N,N,Essential\, dependent sites compete temporary mee,Unknown,N
1624,AAAAAAAAIFGAAAAA,2450236,2450259,233470,1000.00,1,ese,Y,N,N,N,N,N,N,N,Also unable metres apply necessary\, identical miles,Unknown,N
1625,AAAAAAAAJFGAAAAA,2450798,2450858,201638,1000.00,1,anti,Y,N,N,N,N,N,N,N,Other fingers would ,Unknown,N
1626,AAAAAAAAKFGAAAAA,2450229,2450232,73105,1000.00,1,cally,Y,N,N,N,N,N,N,N,Only\, trying bars should go even from a versio,Unknown,N
1627,AAAAAAAALFGAAAAA,2450160,2450199,429103,1000.00,1,ation,Y,N,N,N,N,N,N,N,Laboratories will wish minutes. On board o,Unknown,N
1628,AAAAAAAAMFGAAAAA,2450676,2450680,304336,1000.00,1,eing,Y,N,N,N,N,N,N,N,Blind houses work wrong reasons. Just wrong,Unknown,N
1629,AAAAAAAANFGAAAAA,2450813,2450845,104266,1000.00,1,n st,N,N,N,N,N,N,N,N,Matters listen enough simil,Unknown,N
1630,AAAAAAAAOFGAAAAA,2450542,2450561,440692,1000.00,1,bar,N,N,N,N,N,N,N,N,Needs lay; principal classes wi,Unknown,N
1631,AAAAAAAAPFGAAAAA,2450117,2450150,338374,1000.00,1,ought,Y,N,N,N,N,N,N,N,Ideal\, careful tasks find very days. Immediate details volu,Unknown,N
1632,AAAAAAAAAGGAAAAA,2450693,2450714,361795,1000.00,1,able,N,N,N,N,N,N,N,N,Different designs migh,Unknown,N
1633,AAAAAAAABGGAAAAA,2450275,2450289,243608,1000.00,1,pri,Y,N,N,N,N,N,N,N,Other\, urban mistakes should accompany others. Imagin,Unknown,N
1634,AAAAAAAACGGAAAAA,2450231,2450250,309514,1000.00,1,ese,Y,N,N,N,N,N,N,N,Then recent types visit please heavy courses; dif,Unknown,N
1635,AAAAAAAADGGAAAAA,2450866,2450924,428594,1000.00,1,anti,N,N,N,N,N,N,N,N,Hastily british rises learn badly things. Ago great,Unknown,N
1636,AAAAAAAAEGGAAAAA,2450374,2450395,493291,1000.00,1,cally,N,N,N,N,N,N,N,N,Matters will not counter,Unknown,N
1637,AAAAAAAAFGGAAAAA,2450914,2450970,93898,1000.00,1,ation,Y,N,N,N,N,N,N,N,Local\, safe notes can include ac,Unknown,N
1638,AAAAAAAAGGGAAAAA,2450142,2450173,168673,1000.00,1,eing,N,N,N,N,N,N,N,N,Quite equivalent men will make great authorities.,Unknown,N
1639,AAAAAAAAHGGAAAAA,2450809,2450811,327253,1000.00,1,n st,N,N,N,N,N,N,N,N,Scores should correspond as c,Unknown,N
1640,AAAAAAAAIGGAAAAA,2450343,2450351,72505,1000.00,1,bar,Y,N,N,N,N,N,N,N,Normal hundreds bring elderly times. Norma,Unknown,N
1641,AAAAAAAAJGGAAAAA,2450768,2450779,108043,1000.00,1,ought,Y,N,N,N,N,N,N,N,Occasions protect incidentally serious\, ric,Unknown,N
1642,AAAAAAAAKGGAAAAA,2450570,2450628,252662,1000.00,1,able,Y,N,N,N,N,N,N,N,Used firms must indi,Unknown,N
1643,AAAAAAAALGGAAAAA,2450430,2450458,471013,1000.00,1,pri,Y,N,N,N,N,N,N,N,British sections go so still ,Unknown,N
1644,AAAAAAAAMGGAAAAA,2450690,2450716,320176,1000.00,1,ese,N,N,N,N,N,N,N,N,Then careful intervals should say for,Unknown,N
1645,AAAAAAAANGGAAAAA,2450641,2450694,269887,1000.00,1,anti,Y,N,N,N,N,N,N,N,Powerful temperatures incl,Unknown,N
1646,AAAAAAAAOGGAAAAA,2450543,2450584,33478,1000.00,1,cally,Y,N,N,N,N,N,N,N,In short obvious relationships affect before liberal\, ,Unknown,N
1647,AAAAAAAAPGGAAAAA,2450352,2450383,114304,1000.00,1,ation,N,N,N,N,N,N,N,N,Organisations take still quite official pa,Unknown,N
1648,AAAAAAAAAHGAAAAA,2450444,2450492,280117,1000.00,1,eing,N,N,N,N,N,N,N,N,Honours could reach by a requirements. Mentally hard gr,Unknown,N
1649,AAAAAAAABHGAAAAA,2450879,2450939,284192,1000.00,1,n st,Y,N,N,N,N,N,N,N,Components spend the,Unknown,N
1650,AAAAAAAACHGAAAAA,2450505,2450535,183808,1000.00,1,bar,Y,N,N,N,N,N,N,N,Environmental\, old ministers must not get still; mon,Unknown,N
1651,AAAAAAAADHGAAAAA,2450199,2450230,324145,1000.00,1,ought,Y,N,N,N,N,N,N,N,Much sensible sectors seem usually u,Unknown,N
1652,AAAAAAAAEHGAAAAA,2450330,2450352,301141,1000.00,1,able,N,N,N,N,N,N,N,N,Opening things should mat,Unknown,N
1653,AAAAAAAAFHGAAAAA,2450262,2450317,327211,1000.00,1,pri,N,N,N,N,N,N,N,N,Rapidly negative difficulties double quite. Regularly ,Unknown,N
1654,AAAAAAAAGHGAAAAA,2450453,2450473,112342,1000.00,1,ese,Y,N,N,N,N,N,N,N,Ideas blame travellers. Existing,Unknown,N
1655,AAAAAAAAHHGAAAAA,2450498,2450552,483067,1000.00,1,anti,N,N,N,N,N,N,N,N,Today classic requirements can know only f,Unknown,N
1656,AAAAAAAAIHGAAAAA,2450628,2450675,285038,1000.00,1,cally,Y,N,N,N,N,N,N,N,Ethnic teachers get high\, free,Unknown,N
1657,AAAAAAAAJHGAAAAA,2450271,2450329,314005,1000.00,1,ation,N,N,N,N,N,N,N,N,Thoughts cannot take classes. Rapidly sure books put really,Unknown,N
1658,AAAAAAAAKHGAAAAA,2450336,2450364,216991,1000.00,1,eing,Y,N,N,N,N,N,N,N,Historical\, personal rebels may not come ye,Unknown,N
1659,AAAAAAAALHGAAAAA,2450570,2450581,186433,1000.00,1,n st,Y,N,N,N,N,N,N,N,Sufficient\, thin men,Unknown,N
1660,AAAAAAAAMHGAAAAA,2450725,2450785,277558,1000.00,1,bar,Y,N,N,N,N,N,N,N,In addition increased nati,Unknown,N
1661,AAAAAAAANHGAAAAA,2450883,2450914,196052,1000.00,1,ought,N,N,N,N,N,N,N,N,Positive forms used t,Unknown,N
1662,AAAAAAAAOHGAAAAA,2450362,2450371,59809,1000.00,1,able,N,N,N,N,N,N,N,N,More new eyes get trees. Excellent f,Unknown,N
1663,AAAAAAAAPHGAAAAA,2450229,2450283,421310,1000.00,1,pri,Y,N,N,N,N,N,N,N,Instead great rules stop,Unknown,N
1664,AAAAAAAAAIGAAAAA,2450669,2450702,452108,1000.00,1,ese,Y,N,N,N,N,N,N,N,Others cannot want rarely free\, controversial interpretatio,Unknown,N
1665,AAAAAAAABIGAAAAA,2450458,2450488,242431,1000.00,1,anti,N,N,N,N,N,N,N,N,Industries will remember mainly ex,Unknown,N
1666,AAAAAAAACIGAAAAA,2450266,2450304,196280,1000.00,1,cally,N,N,N,N,N,N,N,N,Relations could not hear ,Unknown,N
1667,AAAAAAAADIGAAAAA,2450882,2450915,14912,1000.00,1,ation,N,N,N,N,N,N,N,N,Hands see together; arrangements would not know ,Unknown,N
1668,AAAAAAAAEIGAAAAA,2450303,2450306,457150,1000.00,1,eing,N,N,N,N,N,N,N,N,Patients go; legislative pupils flow imme,Unknown,N
1669,AAAAAAAAFIGAAAAA,2450856,2450915,101425,1000.00,1,n st,Y,N,N,N,N,N,N,N,Heavily other workers shall not allow,Unknown,N
1670,AAAAAAAAGIGAAAAA,\\N,2450284,\\N,\\N,\\N,bar,N,\\N,\\N,\\N,N,N,N,N,Educational\, new months stay ago suitable candidates. Ne,\\N,N
1671,AAAAAAAAHIGAAAAA,2450379,2450389,302158,1000.00,1,ought,N,N,N,N,N,N,N,N,Fat years achieve short; roads will emerge little,Unknown,N
1672,AAAAAAAAIIGAAAAA,2450517,2450545,182288,1000.00,1,able,Y,N,N,N,N,N,N,N,Others recall enough divisions. Particula,Unknown,N
1673,AAAAAAAAJIGAAAAA,2450275,2450277,334484,1000.00,1,pri,N,N,N,N,N,N,N,N,Commercial customers will try more on a parties. Strong age,Unknown,N
1674,AAAAAAAAKIGAAAAA,2450872,2450881,402424,1000.00,1,ese,N,N,N,N,N,N,N,N,Terrible factors go with a sizes. Rates,Unknown,N
1675,AAAAAAAALIGAAAAA,2450634,2450666,79759,1000.00,1,anti,N,N,N,N,N,N,N,N,Flexible\, main views think as workshops,Unknown,N
1676,AAAAAAAAMIGAAAAA,2450376,2450399,152918,1000.00,1,cally,Y,N,N,N,N,N,N,N,Eyes sit proudly regions. Small\, futur,Unknown,N
1677,AAAAAAAANIGAAAAA,2450840,2450897,279289,1000.00,1,ation,Y,N,N,N,N,N,N,N,Main variables make. Christian issues pay in par,Unknown,N
1678,AAAAAAAAOIGAAAAA,2450217,2450235,212420,1000.00,1,eing,Y,N,N,N,N,N,N,N,As main owners used to get,Unknown,N
1679,AAAAAAAAPIGAAAAA,2450430,2450479,208207,1000.00,1,n st,Y,N,N,N,N,N,N,N,Regional\, poor hours look social\, ,Unknown,N
1680,AAAAAAAAAJGAAAAA,2450719,2450774,179854,1000.00,1,bar,Y,N,N,N,N,N,N,N,Simply asian clubs give bad names; constantly sm,Unknown,N
1681,AAAAAAAABJGAAAAA,2450356,2450389,360266,1000.00,1,ought,N,N,N,N,N,N,N,N,Complete stories seek howev,Unknown,N
1682,AAAAAAAACJGAAAAA,2450315,2450371,207656,1000.00,1,able,Y,N,N,N,N,N,N,N,Central\, coming pairs could not help such as a police.,Unknown,N
1683,AAAAAAAADJGAAAAA,2450226,2450238,239908,1000.00,1,pri,N,N,N,N,N,N,N,N,Supreme areas keep high responsibilities. Thick sad concept,Unknown,N
1684,AAAAAAAAEJGAAAAA,2450767,2450813,53863,1000.00,1,ese,N,N,N,N,N,N,N,N,Just effective studies shall count already young interests.,Unknown,N
1685,AAAAAAAAFJGAAAAA,2450563,2450596,418414,1000.00,1,anti,Y,N,N,N,N,N,N,N,Political needs will not run now by a respon,Unknown,N
1686,AAAAAAAAGJGAAAAA,2450738,2450775,153808,1000.00,1,cally,N,N,N,N,N,N,N,N,Others wake. Rivers should refute familiar\, f,Unknown,N
1687,AAAAAAAAHJGAAAAA,2450766,2450771,495427,1000.00,1,ation,N,N,N,N,N,N,N,N,Conversely physical drugs may not buy yesterday around we,Unknown,N
1688,AAAAAAAAIJGAAAAA,2450895,2450922,224590,1000.00,1,eing,N,N,N,N,N,N,N,N,Mentally easy services may not give falls; new\, united week,Unknown,N
1689,AAAAAAAAJJGAAAAA,2450171,2450194,356641,1000.00,1,n st,Y,N,N,N,N,N,N,N,Workers would keep close\, ,Unknown,N
1690,AAAAAAAAKJGAAAAA,2450680,2450710,1496,1000.00,1,bar,Y,N,N,N,N,N,N,N,Relevant\, special plans shall not believe simple\, str,Unknown,N
1691,AAAAAAAALJGAAAAA,2450356,2450364,429784,1000.00,1,ought,Y,N,N,N,N,N,N,N,Individual\, basic parts reach carefully local ru,Unknown,N
1692,AAAAAAAAMJGAAAAA,2450550,2450551,70172,1000.00,1,able,N,N,N,N,N,N,N,N,Little arms ensure loose\, high scenes; reluctantly n,Unknown,N
1693,AAAAAAAANJGAAAAA,2450694,2450736,367384,1000.00,1,pri,N,N,N,N,N,N,N,N,Unlikely\, able maps used to check also to a pil,Unknown,N
1694,AAAAAAAAOJGAAAAA,2450379,2450407,198892,1000.00,1,ese,Y,N,N,N,N,N,N,N,International\, independent profits will no,Unknown,N
1695,AAAAAAAAPJGAAAAA,2450387,2450436,330506,1000.00,1,anti,Y,N,N,N,N,N,N,N,Virtually big sheets could arrange only simila,Unknown,N
1696,AAAAAAAAAKGAAAAA,2450671,2450721,319604,1000.00,1,cally,Y,N,N,N,N,N,N,N,International custome,Unknown,N
1697,AAAAAAAABKGAAAAA,2450574,2450624,371965,1000.00,1,ation,N,N,N,N,N,N,N,N,Good\, prime events cannot want positive designer,Unknown,N
1698,AAAAAAAACKGAAAAA,2450369,2450398,209047,1000.00,1,eing,N,N,N,N,N,N,N,N,Sure forces cannot name meanwhile tiny schools; p,Unknown,N
1699,AAAAAAAADKGAAAAA,2450892,2450936,369424,1000.00,1,n st,Y,N,N,N,N,N,N,N,Compatible\, big buildings mount with ,Unknown,N
1700,AAAAAAAAEKGAAAAA,2450226,2450270,316429,1000.00,1,bar,N,N,N,N,N,N,N,N,Disastrous\, small arrangements ought to go important\,,Unknown,N
1701,AAAAAAAAFKGAAAAA,2450739,2450754,298828,1000.00,1,ought,Y,N,N,N,N,N,N,N,Medical animals survive s,Unknown,N
1702,AAAAAAAAGKGAAAAA,2450686,2450713,174679,1000.00,1,able,Y,N,N,N,N,N,N,N,Other women can say now; traditional experts would,Unknown,N
1703,AAAAAAAAHKGAAAAA,2450615,2450640,382309,1000.00,1,pri,Y,N,N,N,N,N,N,N,Great indians shall not thin,Unknown,N
1704,AAAAAAAAIKGAAAAA,2450758,2450773,47776,1000.00,1,ese,N,N,N,N,N,N,N,N,Technical symptoms get b,Unknown,N
1705,AAAAAAAAJKGAAAAA,2450630,2450638,295456,1000.00,1,anti,N,N,N,N,N,N,N,N,New\, japanese tonnes walk daily\, following ,Unknown,N
1706,AAAAAAAAKKGAAAAA,2450374,2450380,341488,1000.00,1,cally,Y,N,N,N,N,N,N,N,Rights vary at a circumstances. Voluntary models,Unknown,N
1707,AAAAAAAALKGAAAAA,2450166,2450225,428776,1000.00,1,ation,Y,N,N,N,N,N,N,N,Budgets feed soviet needs; precise resources could,Unknown,N
1708,AAAAAAAAMKGAAAAA,2450264,2450276,248095,1000.00,1,eing,N,N,N,N,N,N,N,N,Areas come hardly just goo,Unknown,N
1709,AAAAAAAANKGAAAAA,2450867,2450917,132878,1000.00,1,n st,N,N,N,N,N,N,N,N,Profits ought to like only l,Unknown,N
1710,AAAAAAAAOKGAAAAA,2450604,2450640,121381,1000.00,1,bar,N,N,N,N,N,N,N,N,Back members used to put pointedly m,Unknown,N
1711,AAAAAAAAPKGAAAAA,2450520,2450578,37930,1000.00,1,ought,N,N,N,N,N,N,N,N,European\, good matches,Unknown,N
1712,AAAAAAAAALGAAAAA,2450742,2450751,47119,1000.00,1,able,Y,N,N,N,N,N,N,N,Political principles ensure things. Beau,Unknown,N
1713,AAAAAAAABLGAAAAA,2450371,2450397,83330,1000.00,1,pri,N,N,N,N,N,N,N,N,Shortly cheerful children wish models. Big p,Unknown,N
1714,AAAAAAAACLGAAAAA,2450871,2450906,59180,1000.00,1,ese,N,N,N,N,N,N,N,N,Moves come in a costs. However extensive year,Unknown,N
1715,AAAAAAAADLGAAAAA,2450130,2450175,117538,1000.00,1,anti,N,N,N,N,N,N,N,N,Functions accommodate much by the s,Unknown,N
1716,AAAAAAAAELGAAAAA,2450878,2450928,270601,1000.00,1,cally,N,N,N,N,N,N,N,N,Then good differences should listen supporters. O,Unknown,N
1717,AAAAAAAAFLGAAAAA,2450762,2450819,157573,1000.00,1,ation,N,N,N,N,N,N,N,N,Mechanical\, alternative members know more terms. However hun,Unknown,N
1718,AAAAAAAAGLGAAAAA,2450623,2450653,219787,1000.00,1,eing,N,N,N,N,N,N,N,N,Then mental sales would not see clearly coastal cells. Rat,Unknown,N
1719,AAAAAAAAHLGAAAAA,2450786,2450791,339260,1000.00,1,n st,Y,N,N,N,N,N,N,N,Tropical\, clear consequences must not know quickly good,Unknown,N
1720,AAAAAAAAILGAAAAA,2450399,2450434,48496,1000.00,1,bar,N,N,N,N,N,N,N,N,Serious\, big minutes might give soon economic\, sorry coun,Unknown,N
1721,AAAAAAAAJLGAAAAA,2450705,2450747,295621,1000.00,1,ought,N,N,N,N,N,N,N,N,Expensive\, english resources should,Unknown,N
1722,AAAAAAAAKLGAAAAA,2450473,2450513,483571,1000.00,1,able,Y,N,N,N,N,N,N,N,Coins help. Cheerfully useful profits may,Unknown,N
1723,AAAAAAAALLGAAAAA,2450131,2450188,269689,1000.00,1,pri,N,N,N,N,N,N,N,N,Fellow\, indian details may not giv,Unknown,N
1724,AAAAAAAAMLGAAAAA,2450319,2450361,396619,1000.00,1,ese,N,N,N,N,N,N,N,N,Also tough acts rid toda,Unknown,N
1725,AAAAAAAANLGAAAAA,2450793,2450801,283411,1000.00,1,anti,Y,N,N,N,N,N,N,N,Charges shall not identify before a obliga,Unknown,N
1726,AAAAAAAAOLGAAAAA,2450453,2450499,111553,1000.00,1,cally,N,N,N,N,N,N,N,N,Further free abilities shall not a,Unknown,N
1727,AAAAAAAAPLGAAAAA,2450210,2450266,308962,1000.00,1,ation,Y,N,N,N,N,N,N,N,Available\, material others install surely high,Unknown,N
1728,AAAAAAAAAMGAAAAA,2450427,2450458,14224,1000.00,1,eing,N,N,N,N,N,N,N,N,High\, political blocks make no longer ye,Unknown,N
1729,AAAAAAAABMGAAAAA,2450714,2450715,463778,1000.00,1,n st,Y,N,N,N,N,N,N,N,Events continue doct,Unknown,N
1730,AAAAAAAACMGAAAAA,2450161,2450212,293462,1000.00,1,bar,Y,N,N,N,N,N,N,N,More experimental legs ,Unknown,N
1731,AAAAAAAADMGAAAAA,2450873,2450883,73538,1000.00,1,ought,Y,N,N,N,N,N,N,N,Black bills stand na,Unknown,N
1732,AAAAAAAAEMGAAAAA,2450229,2450265,85520,1000.00,1,able,N,N,N,N,N,N,N,N,Never successful colonies come today linguistic circumstance,Unknown,N
1733,AAAAAAAAFMGAAAAA,2450202,2450205,484240,1000.00,1,pri,N,N,N,N,N,N,N,N,Countries must not undermine still,Unknown,N
1734,AAAAAAAAGMGAAAAA,2450759,2450762,336013,1000.00,1,ese,Y,N,N,N,N,N,N,N,Heavy years turn national disputes. Repres,Unknown,N
1735,AAAAAAAAHMGAAAAA,2450512,2450524,444766,1000.00,1,anti,Y,N,N,N,N,N,N,N,Wealthy columns get then less short structures;,Unknown,N
1736,AAAAAAAAIMGAAAAA,2450839,2450889,243098,1000.00,1,cally,N,N,N,N,N,N,N,N,Necessary\, social purposes cannot lead more here young,Unknown,N
1737,AAAAAAAAJMGAAAAA,2450818,2450862,191797,1000.00,1,ation,Y,N,N,N,N,N,N,N,Young issues could absorb. Ag,Unknown,N
1738,AAAAAAAAKMGAAAAA,2450749,2450793,244268,1000.00,1,eing,N,N,N,N,N,N,N,N,Enough english minutes phone alone poor\, ,Unknown,N
1739,AAAAAAAALMGAAAAA,2450418,2450456,457070,1000.00,1,n st,Y,N,N,N,N,N,N,N,English\, internal files may not bring more real rooms. Dutch,Unknown,N
1740,AAAAAAAAMMGAAAAA,2450177,2450192,196264,1000.00,1,bar,Y,N,N,N,N,N,N,N,Unlikely eyes affect alone other\, like,Unknown,N
1741,AAAAAAAANMGAAAAA,2450644,2450673,200779,1000.00,1,ought,Y,N,N,N,N,N,N,N,Mechanical days coordinate over good men. Royal weeks must n,Unknown,N
1742,AAAAAAAAOMGAAAAA,2450471,2450513,332953,1000.00,1,able,N,N,N,N,N,N,N,N,Asleep\, thick forms go of course actual\, fine damage,Unknown,N
1743,AAAAAAAAPMGAAAAA,2450894,2450933,205486,1000.00,1,pri,Y,N,N,N,N,N,N,N,Before political movies expect just black\, bizarre proble,Unknown,N
1744,AAAAAAAAANGAAAAA,2450855,2450902,209071,1000.00,1,ese,Y,N,N,N,N,N,N,N,References see. True\, able fathers may go international\, c,Unknown,N
1745,AAAAAAAABNGAAAAA,2450198,2450243,175652,1000.00,1,anti,Y,N,N,N,N,N,N,N,Pleasant\, ultimate clients commit home into ,Unknown,N
1746,AAAAAAAACNGAAAAA,2450835,2450840,384008,1000.00,1,cally,Y,N,N,N,N,N,N,N,Less national things think much spatial origi,Unknown,N
1747,AAAAAAAADNGAAAAA,2450301,\\N,324496,\\N,1,ation,Y,N,\\N,N,N,\\N,N,N,Likely thanks stay again surely very people,Unknown,N
1748,AAAAAAAAENGAAAAA,2450462,2450504,419461,1000.00,1,eing,N,N,N,N,N,N,N,N,Unpleasant\, little reasons start f,Unknown,N
1749,AAAAAAAAFNGAAAAA,2450100,2450142,251335,1000.00,1,n st,Y,N,N,N,N,N,N,N,And so on other senses ask broadly dry inches; oppo,Unknown,N
1750,AAAAAAAAGNGAAAAA,2450252,2450279,145996,1000.00,1,bar,Y,N,N,N,N,N,N,N,Arms expect reforms. Old ,Unknown,N
1751,AAAAAAAAHNGAAAAA,2450864,2450916,213067,1000.00,1,ought,Y,N,N,N,N,N,N,N,Points would not bring enou,Unknown,N
1752,AAAAAAAAINGAAAAA,2450646,2450656,342424,1000.00,1,able,Y,N,N,N,N,N,N,N,Certain\, practical pages shall not,Unknown,N
1753,AAAAAAAAJNGAAAAA,2450779,2450829,191893,1000.00,1,pri,Y,N,N,N,N,N,N,N,Even tired employees go partly joint decisions. Univer,Unknown,N
1754,AAAAAAAAKNGAAAAA,2450426,2450440,473887,1000.00,1,ese,Y,N,N,N,N,N,N,N,Economic\, alone methods might accommodate rooms,Unknown,N
1755,AAAAAAAALNGAAAAA,2450100,2450118,435548,1000.00,1,anti,N,N,N,N,N,N,N,N,Systematic\, brilliant aspects cou,Unknown,N
1756,AAAAAAAAMNGAAAAA,2450122,2450142,139315,1000.00,1,cally,Y,N,N,N,N,N,N,N,Dead\, new lawyers shall want children,Unknown,N
1757,AAAAAAAANNGAAAAA,2450247,2450258,151135,1000.00,1,ation,Y,N,N,N,N,N,N,N,Necessary reasons might replace sources. As single comm,Unknown,N
1758,AAAAAAAAONGAAAAA,2450286,2450300,236696,1000.00,1,eing,Y,N,N,N,N,N,N,N,Still future weeks must look ,Unknown,N
1759,AAAAAAAAPNGAAAAA,2450709,2450743,233516,1000.00,1,n st,Y,N,N,N,N,N,N,N,Things should find. Trans,Unknown,N
1760,AAAAAAAAAOGAAAAA,2450379,2450402,209338,1000.00,1,bar,Y,N,N,N,N,N,N,N,Goods might conform out of a commitments. Rel,Unknown,N
1761,AAAAAAAABOGAAAAA,2450227,2450271,186928,1000.00,1,ought,N,N,N,N,N,N,N,N,Desperate\, parliamentary aims should receive ever m,Unknown,N
1762,AAAAAAAACOGAAAAA,2450393,2450397,208063,1000.00,1,able,N,N,N,N,N,N,N,N,Endlessly different days provoke mor,Unknown,N
1763,AAAAAAAADOGAAAAA,2450442,2450466,209780,1000.00,1,pri,Y,N,N,N,N,N,N,N,Possible regulations co,Unknown,N
1764,AAAAAAAAEOGAAAAA,2450563,2450604,90284,1000.00,1,ese,Y,N,N,N,N,N,N,N,White\, lengthy falls read interested\, new po,Unknown,N
1765,AAAAAAAAFOGAAAAA,2450404,2450405,53614,1000.00,1,anti,Y,N,N,N,N,N,N,N,Very ready residents would turn above then,Unknown,N
1766,AAAAAAAAGOGAAAAA,2450252,2450309,430087,1000.00,1,cally,N,N,N,N,N,N,N,N,Studies ought to protect at last both legal words. Go,Unknown,N
1767,AAAAAAAAHOGAAAAA,2450371,2450429,228955,1000.00,1,ation,Y,N,N,N,N,N,N,N,Vital rounds ensure over for a pictures. Almost difficult,Unknown,N
1768,AAAAAAAAIOGAAAAA,2450248,2450269,206032,1000.00,1,eing,Y,N,N,N,N,N,N,N,Slowly main years think however social\, b,Unknown,N
1769,AAAAAAAAJOGAAAAA,2450730,2450773,73117,1000.00,1,n st,N,N,N,N,N,N,N,N,Customers reach available\, close prisoners. Howev,Unknown,N
1770,AAAAAAAAKOGAAAAA,2450458,2450481,298924,1000.00,1,bar,Y,N,N,N,N,N,N,N,Medium colonies become fa,Unknown,N
1771,AAAAAAAALOGAAAAA,2450530,2450563,118522,1000.00,1,ought,Y,N,N,N,N,N,N,N,Attractive others might,Unknown,N
1772,AAAAAAAAMOGAAAAA,2450164,2450188,482350,1000.00,1,able,Y,N,N,N,N,N,N,N,New\, able students select at a drugs. Rate,Unknown,N
1773,AAAAAAAANOGAAAAA,2450647,2450659,110995,1000.00,1,pri,N,N,N,N,N,N,N,N,Efforts allow seconds. Fully live societies knock more fina,Unknown,N
1774,AAAAAAAAOOGAAAAA,2450650,2450656,182134,1000.00,1,ese,Y,N,N,N,N,N,N,N,Naturally public decisions may not want then,Unknown,N
1775,AAAAAAAAPOGAAAAA,2450864,2450902,447404,1000.00,1,anti,N,N,N,N,N,N,N,N,Modern experiments used ,Unknown,N
1776,AAAAAAAAAPGAAAAA,2450786,2450795,159166,1000.00,1,cally,N,N,N,N,N,N,N,N,Ever scottish eyes ought to feel; there ,Unknown,N
1777,AAAAAAAABPGAAAAA,2450605,2450624,435404,1000.00,1,ation,N,N,N,N,N,N,N,N,Before occupational weapo,Unknown,N
1778,AAAAAAAACPGAAAAA,2450390,2450434,153530,1000.00,1,eing,N,N,N,N,N,N,N,N,Efforts shall not apply by a rights. Proposals t,Unknown,N
1779,AAAAAAAADPGAAAAA,2450234,2450236,227926,1000.00,1,n st,N,N,N,N,N,N,N,N,Also fast years form always corporate entries. Interes,Unknown,N
1780,AAAAAAAAEPGAAAAA,2450809,2450828,302456,1000.00,1,bar,N,N,N,N,N,N,N,N,Powerful stories realise accordingly an,Unknown,N
1781,AAAAAAAAFPGAAAAA,2450391,2450402,381973,1000.00,1,ought,Y,N,N,N,N,N,N,N,Popular\, tiny charges can confess ,Unknown,N
1782,AAAAAAAAGPGAAAAA,2450560,2450584,223928,1000.00,1,able,N,N,N,N,N,N,N,N,Grounds rush then financi,Unknown,N
1783,AAAAAAAAHPGAAAAA,2450234,2450257,386624,1000.00,1,pri,Y,N,N,N,N,N,N,N,More wooden rumours will cau,Unknown,N
1784,AAAAAAAAIPGAAAAA,2450398,2450400,96538,1000.00,1,ese,Y,N,N,N,N,N,N,N,Hours change later. Detailed\, new condi,Unknown,N
1785,AAAAAAAAJPGAAAAA,2450185,2450235,474811,1000.00,1,anti,N,N,N,N,N,N,N,N,Companies will need still sympathetic organizations. Legal,Unknown,N
1786,AAAAAAAAKPGAAAAA,2450763,2450770,474325,1000.00,1,cally,Y,N,N,N,N,N,N,N,New\, good systems know. Detec,Unknown,N
1787,AAAAAAAALPGAAAAA,2450856,2450858,158398,1000.00,1,ation,Y,N,N,N,N,N,N,N,Both following signs go very for,Unknown,N
1788,AAAAAAAAMPGAAAAA,2450390,2450418,68284,1000.00,1,eing,Y,N,N,N,N,N,N,N,Arms will happen suddenly united pol,Unknown,N
1789,AAAAAAAANPGAAAAA,2450592,2450645,194047,1000.00,1,n st,N,N,N,N,N,N,N,N,Working\, new plants may go alone pag,Unknown,N
1790,AAAAAAAAOPGAAAAA,2450818,2450826,339016,1000.00,1,bar,Y,N,N,N,N,N,N,N,Available\, national obligations shall no,Unknown,N
1791,AAAAAAAAPPGAAAAA,2450396,2450414,329221,1000.00,1,ought,Y,N,N,N,N,N,N,N,Well large soldiers reflect more for a windows. Foreig,Unknown,N
1792,AAAAAAAAAAHAAAAA,2450693,2450738,433837,1000.00,1,able,Y,N,N,N,N,N,N,N,Political\, secret women put enough increas,Unknown,N
1793,AAAAAAAABAHAAAAA,2450464,2450486,435100,1000.00,1,pri,Y,N,N,N,N,N,N,N,Therefore grand members know well.,Unknown,N
1794,AAAAAAAACAHAAAAA,2450188,2450239,157736,1000.00,1,ese,N,N,N,N,N,N,N,N,Labour\, full talks touch yet political artists. ,Unknown,N
1795,AAAAAAAADAHAAAAA,2450250,2450292,250066,1000.00,1,anti,N,N,N,N,N,N,N,N,Significant taxes wo,Unknown,N
1796,AAAAAAAAEAHAAAAA,2450115,2450119,314290,1000.00,1,cally,N,N,N,N,N,N,N,N,Noble\, good methods pay. Different\, open forces ,Unknown,N
1797,AAAAAAAAFAHAAAAA,2450679,2450719,74455,1000.00,1,ation,Y,N,N,N,N,N,N,N,Other\, classical ope,Unknown,N
1798,AAAAAAAAGAHAAAAA,2450348,2450354,313094,1000.00,1,eing,N,N,N,N,N,N,N,N,Groups complain once to the politician,Unknown,N
1799,AAAAAAAAHAHAAAAA,2450505,2450541,301933,1000.00,1,n st,Y,N,N,N,N,N,N,N,Dark techniques put from ,Unknown,N
1800,AAAAAAAAIAHAAAAA,2450858,2450863,248326,1000.00,1,bar,N,N,N,N,N,N,N,N,Other groups shall turn; quietly public teams ask,Unknown,N
1801,AAAAAAAAJAHAAAAA,2450114,2450163,303070,1000.00,1,ought,Y,N,N,N,N,N,N,N,In public various affairs c,Unknown,N
1802,AAAAAAAAKAHAAAAA,2450181,2450194,248038,1000.00,1,able,Y,N,N,N,N,N,N,N,Lives make about in a readers. Never ess,Unknown,N
1803,AAAAAAAALAHAAAAA,2450110,2450116,443942,1000.00,1,pri,N,N,N,N,N,N,N,N,Traditional images used to act best in,Unknown,N
1804,AAAAAAAAMAHAAAAA,2450802,2450856,192922,1000.00,1,ese,Y,N,N,N,N,N,N,N,Figures require in the circumstanc,Unknown,N
1805,AAAAAAAANAHAAAAA,2450265,2450296,178958,1000.00,1,anti,Y,N,N,N,N,N,N,N,Far impossible complaints app,Unknown,N
1806,AAAAAAAAOAHAAAAA,2450490,2450532,22546,1000.00,1,cally,Y,N,N,N,N,N,N,N,Elections shall harden less light si,Unknown,N
1807,AAAAAAAAPAHAAAAA,2450662,2450702,393889,1000.00,1,ation,Y,N,N,N,N,N,N,N,Christian mountains could look ,Unknown,N
1808,AAAAAAAAABHAAAAA,2450907,2450924,153196,1000.00,1,eing,N,N,N,N,N,N,N,N,Light courses run certainly; recent\, other week,Unknown,N
1809,AAAAAAAABBHAAAAA,2450388,2450443,152236,1000.00,1,n st,N,N,N,N,N,N,N,N,Cases may change then. Sexual\, ideological kinds can buy,Unknown,N
1810,AAAAAAAACBHAAAAA,2450399,2450406,52519,\\N,\\N,bar,\\N,N,N,N,N,\\N,\\N,N,\\N,\\N,N
1811,AAAAAAAADBHAAAAA,2450736,2450739,217424,1000.00,1,ought,Y,N,N,N,N,N,N,N,More big months work doubtless adults. Application,Unknown,N
1812,AAAAAAAAEBHAAAAA,2450853,2450883,354872,1000.00,1,able,N,N,N,N,N,N,N,N,Normal things make then impossi,Unknown,N
1813,AAAAAAAAFBHAAAAA,2450353,2450411,46244,1000.00,1,pri,N,N,N,N,N,N,N,N,Regional individuals tak,Unknown,N
1814,AAAAAAAAGBHAAAAA,2450417,2450431,97723,1000.00,1,ese,Y,N,N,N,N,N,N,N,Threats receive separately greek\, normal years. Old,Unknown,N
1815,AAAAAAAAHBHAAAAA,2450472,2450503,163555,1000.00,1,anti,Y,N,N,N,N,N,N,N,Long-term hours shall get so. Personal\, common flowers win ,Unknown,N
1816,AAAAAAAAIBHAAAAA,2450539,2450547,62791,1000.00,1,cally,Y,N,N,N,N,N,N,N,Elsewhere casual shows could soften yet alternati,Unknown,N
1817,AAAAAAAAJBHAAAAA,2450728,2450741,226306,1000.00,1,ation,Y,N,N,N,N,N,N,N,Young\, new features shall,Unknown,N
1818,AAAAAAAAKBHAAAAA,2450618,2450664,88628,1000.00,1,eing,N,N,N,N,N,N,N,N,Orders think surely. Mon,Unknown,N
1819,AAAAAAAALBHAAAAA,2450763,2450768,41350,1000.00,1,n st,N,N,N,N,N,N,N,N,Loose minutes turn already with the ,Unknown,N
1820,AAAAAAAAMBHAAAAA,2450442,2450479,358357,1000.00,1,bar,Y,N,N,N,N,N,N,N,Consequences allow actually new trees. Fingers may not ,Unknown,N
1821,AAAAAAAANBHAAAAA,2450752,2450810,167054,1000.00,1,ought,Y,N,N,N,N,N,N,N,Significant\, excellent lessons recommen,Unknown,N
1822,AAAAAAAAOBHAAAAA,2450546,2450568,359095,1000.00,1,able,N,N,N,N,N,N,N,N,Great objects would help importantly. ,Unknown,N
1823,AAAAAAAAPBHAAAAA,2450273,2450299,245365,1000.00,1,pri,N,N,N,N,N,N,N,N,Kind\, silver conclusions cla,Unknown,N
1824,AAAAAAAAACHAAAAA,2450355,2450375,256903,1000.00,1,ese,N,N,N,N,N,N,N,N,Needs admit only\, labour lectures. Together welcome days,Unknown,N
1825,AAAAAAAABCHAAAAA,2450389,2450391,229930,1000.00,1,anti,Y,N,N,N,N,N,N,N,Wisely appropriate values could not base files. Too christia,Unknown,N
1826,AAAAAAAACCHAAAAA,2450652,2450700,335306,1000.00,1,cally,Y,N,N,N,N,N,N,N,Good\, absolute troops provide thereby. Also sure ports c,Unknown,N
1827,AAAAAAAADCHAAAAA,2450678,2450719,339472,1000.00,1,ation,Y,N,N,N,N,N,N,N,Notions take students. Cheerful issues propose. L,Unknown,N
1828,AAAAAAAAECHAAAAA,2450603,2450628,157856,1000.00,1,eing,Y,N,N,N,N,N,N,N,Simple\, medical women pay entirely urban affairs; black ,Unknown,N
1829,AAAAAAAAFCHAAAAA,2450149,2450188,202132,1000.00,1,n st,Y,N,N,N,N,N,N,N,Political animals encourage hereby days. Recently correct c,Unknown,N
1830,AAAAAAAAGCHAAAAA,2450110,2450134,442636,1000.00,1,bar,Y,N,N,N,N,N,N,N,Most international sentences cannot protect ,Unknown,N
1831,AAAAAAAAHCHAAAAA,\\N,\\N,179887,1000.00,\\N,\\N,\\N,N,N,N,\\N,N,\\N,\\N,Just hours shall think nowhere. Alone social youngsters wri,\\N,\\N
1832,AAAAAAAAICHAAAAA,2450856,2450858,357877,1000.00,1,able,N,N,N,N,N,N,N,N,Areas make. Managers no sideways; leading letters speak a,Unknown,N
1833,AAAAAAAAJCHAAAAA,2450311,2450339,358144,1000.00,1,pri,N,N,N,N,N,N,N,N,Personal industries carry more issues. Central a,Unknown,N
1834,AAAAAAAAKCHAAAAA,2450775,2450826,316105,1000.00,1,ese,N,N,N,N,N,N,N,N,Present\, human orders act here free reports,Unknown,N
1835,AAAAAAAALCHAAAAA,2450309,2450349,488596,1000.00,1,anti,Y,N,N,N,N,N,N,N,Usual homes will give over impo,Unknown,N
1836,AAAAAAAAMCHAAAAA,2450589,2450625,479434,1000.00,1,cally,Y,N,N,N,N,N,N,N,Banks shall not remove rec,Unknown,N
1837,AAAAAAAANCHAAAAA,2450627,2450656,44992,1000.00,1,ation,N,N,N,N,N,N,N,N,Consistent\, net things can support now ago european concentr,Unknown,N
1838,AAAAAAAAOCHAAAAA,2450710,2450763,303097,1000.00,1,eing,Y,N,N,N,N,N,N,N,Human scales relate under probably conventional problem,Unknown,N
1839,AAAAAAAAPCHAAAAA,2450641,2450673,277159,1000.00,1,n st,Y,N,N,N,N,N,N,N,Likely corners could not offer primarily; details sa,Unknown,N
1840,AAAAAAAAADHAAAAA,2450335,2450359,265766,1000.00,1,bar,N,N,N,N,N,N,N,N,Investigations would fetch probably rational\, ,Unknown,N
1841,AAAAAAAABDHAAAAA,2450793,2450808,119504,1000.00,1,ought,Y,N,N,N,N,N,N,N,Applications play main\, catholic,Unknown,N
1842,AAAAAAAACDHAAAAA,2450651,2450706,321715,1000.00,1,able,N,N,N,N,N,N,N,N,Good\, fond persons replace major\, international fi,Unknown,N
1843,AAAAAAAADDHAAAAA,2450756,2450814,15436,1000.00,1,pri,N,N,N,N,N,N,N,N,Soon selective genes re,Unknown,N
1844,AAAAAAAAEDHAAAAA,2450774,2450822,292370,1000.00,1,ese,Y,N,N,N,N,N,N,N,For instance junior cases kill ,Unknown,N
1845,AAAAAAAAFDHAAAAA,2450239,2450279,148621,1000.00,1,anti,N,N,N,N,N,N,N,N,Grey authorities help prizes. Critical genes may not d,Unknown,N
1846,AAAAAAAAGDHAAAAA,2450759,2450772,151928,1000.00,1,cally,Y,N,N,N,N,N,N,N,Intimate\, shy customers get ,Unknown,N
1847,AAAAAAAAHDHAAAAA,\\N,\\N,\\N,1000.00,\\N,ation,N,\\N,\\N,\\N,N,N,\\N,\\N,Fixed trees ought to h,Unknown,N
1848,AAAAAAAAIDHAAAAA,2450646,2450660,41486,1000.00,1,eing,Y,N,N,N,N,N,N,N,Presumably annual troops spend; senior\, li,Unknown,N
1849,AAAAAAAAJDHAAAAA,2450276,2450289,302551,1000.00,1,n st,N,N,N,N,N,N,N,N,Russian\, dry terms might not bring most d,Unknown,N
1850,AAAAAAAAKDHAAAAA,2450131,2450185,464846,1000.00,1,bar,Y,N,N,N,N,N,N,N,Separate\, political rights cannot preve,Unknown,N
1851,AAAAAAAALDHAAAAA,2450577,2450582,31006,1000.00,1,ought,Y,N,N,N,N,N,N,N,Similar policies export also reports. All senior plans h,Unknown,N
1852,AAAAAAAAMDHAAAAA,2450099,2450102,120458,1000.00,1,able,Y,N,N,N,N,N,N,N,Cultures must read really wearily foreign provisions. S,Unknown,N
1853,AAAAAAAANDHAAAAA,2450820,2450841,222397,1000.00,1,pri,N,N,N,N,N,N,N,N,Similar\, foreign cases recognize to a,Unknown,N
1854,AAAAAAAAODHAAAAA,2450639,2450640,379834,1000.00,1,ese,N,N,N,N,N,N,N,N,Forms want surely. Available\, chief needs like so rather v,Unknown,N
1855,AAAAAAAAPDHAAAAA,2450276,2450326,5848,1000.00,1,anti,Y,N,N,N,N,N,N,N,Signs might suggest due to a ind,Unknown,N
1856,AAAAAAAAAEHAAAAA,2450148,2450186,403198,1000.00,1,cally,N,N,N,N,N,N,N,N,Parts remain more legs. Foreigners help b,Unknown,N
1857,AAAAAAAABEHAAAAA,2450591,2450605,148945,1000.00,1,ation,N,N,N,N,N,N,N,N,Rats understand only full fingers. Essential bui,Unknown,N
1858,AAAAAAAACEHAAAAA,2450867,2450908,43796,1000.00,1,eing,N,N,N,N,N,N,N,N,Russian persons may impose originally b,Unknown,N
1859,AAAAAAAADEHAAAAA,2450891,2450911,356965,1000.00,1,n st,N,N,N,N,N,N,N,N,Indicators could say re,Unknown,N
1860,AAAAAAAAEEHAAAAA,2450135,2450174,207712,1000.00,1,bar,Y,N,N,N,N,N,N,N,True\, sufficient eyes will,Unknown,N
1861,AAAAAAAAFEHAAAAA,2450674,2450711,196478,1000.00,1,ought,N,N,N,N,N,N,N,N,Again african cameras might not f,Unknown,N
1862,AAAAAAAAGEHAAAAA,2450576,2450582,303874,1000.00,1,able,N,N,N,N,N,N,N,N,Almost new cells will ,Unknown,N
1863,AAAAAAAAHEHAAAAA,2450395,2450441,75362,1000.00,1,pri,N,N,N,N,N,N,N,N,Highest corporate years would s,Unknown,N
1864,AAAAAAAAIEHAAAAA,2450851,2450854,190016,1000.00,1,ese,N,N,N,N,N,N,N,N,Only nearby procedures would not impro,Unknown,N
1865,AAAAAAAAJEHAAAAA,2450588,2450599,301724,1000.00,1,anti,Y,N,N,N,N,N,N,N,Lads draw. Political\, successful cars ,Unknown,N
1866,AAAAAAAAKEHAAAAA,2450427,2450469,463892,1000.00,1,cally,N,N,N,N,N,N,N,N,Different negotiations c,Unknown,N
1867,AAAAAAAALEHAAAAA,2450119,2450165,45271,1000.00,1,ation,Y,N,N,N,N,N,N,N,Peasants contribute against the,Unknown,N
1868,AAAAAAAAMEHAAAAA,2450230,2450287,230762,1000.00,1,eing,N,N,N,N,N,N,N,N,Problems ought to mean. Legs th,Unknown,N
1869,AAAAAAAANEHAAAAA,2450309,2450319,294847,1000.00,1,n st,N,N,N,N,N,N,N,N,Likely\, relevant teachers shall not fol,Unknown,N
1870,AAAAAAAAOEHAAAAA,2450555,2450598,17371,1000.00,1,bar,Y,N,N,N,N,N,N,N,Future\, famous ways could e,Unknown,N
1871,AAAAAAAAPEHAAAAA,2450192,2450193,462284,1000.00,1,ought,N,N,N,N,N,N,N,N,Affairs would help little. Also pa,Unknown,N
1872,AAAAAAAAAFHAAAAA,2450562,2450592,54280,1000.00,1,able,Y,N,N,N,N,N,N,N,Days shall not develop even historic measurements. Either,Unknown,N
1873,AAAAAAAABFHAAAAA,2450811,2450812,405523,1000.00,1,pri,N,N,N,N,N,N,N,N,Dutch circumstances shall eat,Unknown,N
1874,AAAAAAAACFHAAAAA,2450623,2450648,51428,1000.00,1,ese,N,N,N,N,N,N,N,N,Fears relieve quickly about single me,Unknown,N
1875,AAAAAAAADFHAAAAA,2450160,2450181,251215,1000.00,1,anti,Y,N,N,N,N,N,N,N,All unknown nations might see as patients. Points can tell f,Unknown,N
1876,AAAAAAAAEFHAAAAA,2450532,2450540,49616,1000.00,1,cally,N,N,N,N,N,N,N,N,So significant eyebrows shou,Unknown,N
1877,AAAAAAAAFFHAAAAA,2450801,2450821,461437,1000.00,1,ation,N,N,N,N,N,N,N,N,Natural\, new arms sing now. Occasional practices should at,Unknown,N
1878,AAAAAAAAGFHAAAAA,2450145,2450155,274630,1000.00,1,eing,Y,N,N,N,N,N,N,N,Moreover universal conditions cov,Unknown,N
1879,AAAAAAAAHFHAAAAA,2450678,2450706,288548,1000.00,1,n st,N,N,N,N,N,N,N,N,New speakers walk times; tiny\, popular troops en,Unknown,N
1880,AAAAAAAAIFHAAAAA,2450113,2450124,299144,1000.00,1,bar,N,N,N,N,N,N,N,N,Great\, political children will feel,Unknown,N
1881,AAAAAAAAJFHAAAAA,2450907,2450913,471265,1000.00,1,ought,Y,N,N,N,N,N,N,N,Controversial\, cold members cross villages. Natur,Unknown,N
1882,AAAAAAAAKFHAAAAA,2450400,2450458,252020,1000.00,1,able,N,N,N,N,N,N,N,N,More political signs should not contribute shared\, ava,Unknown,N
1883,AAAAAAAALFHAAAAA,2450863,2450904,359324,1000.00,1,pri,Y,N,N,N,N,N,N,N,Speakers maintain problems. Now ,Unknown,N
1884,AAAAAAAAMFHAAAAA,2450887,2450927,277645,1000.00,1,ese,Y,N,N,N,N,N,N,N,Inevitably foreign patients used to prepa,Unknown,N
1885,AAAAAAAANFHAAAAA,2450302,2450338,121873,1000.00,1,anti,Y,N,N,N,N,N,N,N,All right english contracts ,Unknown,N
1886,AAAAAAAAOFHAAAAA,2450599,2450644,464252,1000.00,1,cally,N,N,N,N,N,N,N,N,Intermediate standards interve,Unknown,N
1887,AAAAAAAAPFHAAAAA,2450458,2450490,90554,1000.00,1,ation,N,N,N,N,N,N,N,N,General\, other regions think truly international boys. Eff,Unknown,N
1888,AAAAAAAAAGHAAAAA,2450701,2450712,134434,1000.00,1,eing,N,N,N,N,N,N,N,N,Corporate\, female comp,Unknown,N
1889,AAAAAAAABGHAAAAA,2450558,2450600,474602,1000.00,1,n st,Y,N,N,N,N,N,N,N,However spanish problems go quite. Mental\,,Unknown,N
1890,AAAAAAAACGHAAAAA,2450495,2450497,18046,1000.00,1,bar,N,N,N,N,N,N,N,N,Notes can march very. Just usual is,Unknown,N
1891,AAAAAAAADGHAAAAA,2450456,2450509,434653,1000.00,1,ought,Y,N,N,N,N,N,N,N,Assets may not satisfy sooner f,Unknown,N
1892,AAAAAAAAEGHAAAAA,2450348,2450400,304498,1000.00,1,able,N,N,N,N,N,N,N,N,Today outside friends might give in the trees,Unknown,N
1893,AAAAAAAAFGHAAAAA,2450870,2450894,429823,1000.00,1,pri,N,N,N,N,N,N,N,N,Modern states may expect no longer physical conferences. ,Unknown,N
1894,AAAAAAAAGGHAAAAA,2450210,2450257,357286,1000.00,1,ese,Y,N,N,N,N,N,N,N,Much thick books can visit backwards. Most conventional bo,Unknown,N
1895,AAAAAAAAHGHAAAAA,2450380,2450413,162770,1000.00,1,anti,Y,N,N,N,N,N,N,N,Other\, general reactio,Unknown,N
1896,AAAAAAAAIGHAAAAA,2450689,2450696,112232,1000.00,1,cally,N,N,N,N,N,N,N,N,Deep ancient tensions used to keep gently differe,Unknown,N
1897,AAAAAAAAJGHAAAAA,2450312,2450346,402481,1000.00,1,ation,Y,N,N,N,N,N,N,N,Never parliamentary tiles ough,Unknown,N
1898,AAAAAAAAKGHAAAAA,2450441,2450499,29281,1000.00,1,eing,Y,N,N,N,N,N,N,N,Vital\, vocational scientists will not inform ,Unknown,N
1899,AAAAAAAALGHAAAAA,2450265,2450312,203449,1000.00,1,n st,Y,N,N,N,N,N,N,N,Supplies can keep otherwise for a enquir,Unknown,N
1900,AAAAAAAAMGHAAAAA,2450911,2450936,363326,1000.00,1,bar,Y,N,N,N,N,N,N,N,Intensive days lower however; natur,Unknown,N
1901,AAAAAAAANGHAAAAA,2450584,2450636,384481,1000.00,1,ought,N,N,N,N,N,N,N,N,Far forms must run slightly,Unknown,N
1902,AAAAAAAAOGHAAAAA,2450834,2450846,38648,1000.00,1,able,N,N,N,N,N,N,N,N,Sexual\, old leads bring enough innocent eyes. All nat,Unknown,N
1903,AAAAAAAAPGHAAAAA,2450206,2450249,168025,1000.00,1,pri,N,N,N,N,N,N,N,N,Backwards dreadful needs might not model only then youn,Unknown,N
1904,AAAAAAAAAHHAAAAA,2450297,2450349,326630,1000.00,1,ese,Y,N,N,N,N,N,N,N,Initial teams cannot exp,Unknown,N
1905,AAAAAAAABHHAAAAA,2450719,2450766,41710,1000.00,1,anti,N,N,N,N,N,N,N,N,Wrong\, high elections shal,Unknown,N
1906,AAAAAAAACHHAAAAA,2450615,2450663,272816,1000.00,1,cally,Y,N,N,N,N,N,N,N,Now important methods will take. Milita,Unknown,N
1907,AAAAAAAADHHAAAAA,2450409,2450428,72016,1000.00,1,ation,N,N,N,N,N,N,N,N,Waiting\, wet topics wil,Unknown,N
1908,AAAAAAAAEHHAAAAA,2450867,2450878,393142,1000.00,1,eing,N,N,N,N,N,N,N,N,Very social questions shall re,Unknown,N
1909,AAAAAAAAFHHAAAAA,2450892,2450907,480814,1000.00,1,n st,N,N,N,N,N,N,N,N,Significant\, big elements stumble gre,Unknown,N
1910,AAAAAAAAGHHAAAAA,2450291,2450334,428875,1000.00,1,bar,N,N,N,N,N,N,N,N,Again tory knees could ke,Unknown,N
1911,AAAAAAAAHHHAAAAA,2450247,2450276,66950,1000.00,1,ought,Y,N,N,N,N,N,N,N,Reports support activities. Intervals used to smooth. ,Unknown,N
1912,AAAAAAAAIHHAAAAA,2450717,2450749,309178,1000.00,1,able,N,N,N,N,N,N,N,N,Parts operate too. Local\, happy institutions emphasize quick,Unknown,N
1913,AAAAAAAAJHHAAAAA,2450125,2450136,97183,1000.00,1,pri,N,N,N,N,N,N,N,N,Great unions remind however answers. Acts c,Unknown,N
1914,AAAAAAAAKHHAAAAA,2450360,2450394,48436,1000.00,1,ese,Y,N,N,N,N,N,N,N,Especially commercial friends might want still popular\, gre,Unknown,N
1915,AAAAAAAALHHAAAAA,2450699,2450717,85622,1000.00,1,anti,N,N,N,N,N,N,N,N,Fingers must not resist in the u,Unknown,N
1916,AAAAAAAAMHHAAAAA,2450600,2450601,397201,1000.00,1,cally,N,N,N,N,N,N,N,N,More british funds sh,Unknown,N
1917,AAAAAAAANHHAAAAA,2450467,2450509,275812,1000.00,1,ation,Y,N,N,N,N,N,N,N,American pairs should appear t,Unknown,N
1918,AAAAAAAAOHHAAAAA,2450849,2450897,390442,1000.00,1,eing,Y,N,N,N,N,N,N,N,So superb sources rise le,Unknown,N
1919,AAAAAAAAPHHAAAAA,2450605,2450638,449708,1000.00,1,n st,Y,N,N,N,N,N,N,N,Personal\, daily products may p,Unknown,N
1920,AAAAAAAAAIHAAAAA,2450789,2450836,344941,1000.00,1,bar,N,N,N,N,N,N,N,N,Yet established skills can entertain now costs. Parti,Unknown,N
1921,AAAAAAAABIHAAAAA,2450320,2450349,251554,1000.00,1,ought,Y,N,N,N,N,N,N,N,Peasants ought to like right makers. Bright points will no,Unknown,N
1922,AAAAAAAACIHAAAAA,2450764,2450811,38845,1000.00,1,able,N,N,N,N,N,N,N,N,Areas offer at least ev,Unknown,N
1923,AAAAAAAADIHAAAAA,2450231,2450233,42811,1000.00,1,pri,Y,N,N,N,N,N,N,N,Right machines run often. Poor words used t,Unknown,N
1924,AAAAAAAAEIHAAAAA,2450911,2450952,340693,1000.00,1,ese,Y,N,N,N,N,N,N,N,Original years will not think below modern\, follow,Unknown,N
1925,AAAAAAAAFIHAAAAA,2450547,2450587,291086,1000.00,1,anti,N,N,N,N,N,N,N,N,Cold\, nuclear minds get perhaps benefits,Unknown,N
1926,AAAAAAAAGIHAAAAA,2450705,2450764,78890,1000.00,1,cally,N,N,N,N,N,N,N,N,No longer active jeans visit. Other\, afraid,Unknown,N
1927,AAAAAAAAHIHAAAAA,2450446,2450472,327784,1000.00,1,ation,Y,N,N,N,N,N,N,N,Else interesting rates expect however children,Unknown,N
1928,AAAAAAAAIIHAAAAA,2450671,2450728,89521,1000.00,1,eing,N,N,N,N,N,N,N,N,Severe\, executive premises sho,Unknown,N
1929,AAAAAAAAJIHAAAAA,2450563,2450606,284914,1000.00,1,n st,Y,N,N,N,N,N,N,N,Stupid plans catch probably primitive ,Unknown,N
1930,AAAAAAAAKIHAAAAA,2450890,2450949,297460,1000.00,1,bar,N,N,N,N,N,N,N,N,Able times detail just white\, back arr,Unknown,N
1931,AAAAAAAALIHAAAAA,2450882,2450940,182140,1000.00,1,ought,N,N,N,N,N,N,N,N,Poor\, attractive collections,Unknown,N
1932,AAAAAAAAMIHAAAAA,2450901,2450937,46138,1000.00,1,able,Y,N,N,N,N,N,N,N,Following\, australian ,Unknown,N
1933,AAAAAAAANIHAAAAA,2450755,2450780,304880,1000.00,1,pri,Y,N,N,N,N,N,N,N,Cases should need partially less acute types. Principal laws,Unknown,N
1934,AAAAAAAAOIHAAAAA,2450333,2450373,350288,1000.00,1,ese,N,N,N,N,N,N,N,N,Effects will repeat. Even goo,Unknown,N
1935,AAAAAAAAPIHAAAAA,2450630,2450636,203378,1000.00,1,anti,N,N,N,N,N,N,N,N,Types may get in a locations. Main glasses remove reports. M,Unknown,N
1936,AAAAAAAAAJHAAAAA,2450376,2450419,393694,1000.00,1,cally,Y,N,N,N,N,N,N,N,Children will not deal poss,Unknown,N
1937,AAAAAAAABJHAAAAA,2450897,2450917,279830,1000.00,1,ation,N,N,N,N,N,N,N,N,So hard candidates will argue here,Unknown,N
1938,AAAAAAAACJHAAAAA,2450461,2450507,79921,1000.00,1,eing,Y,N,N,N,N,N,N,N,English records used to cope now committees. ,Unknown,N
1939,AAAAAAAADJHAAAAA,2450296,2450310,425582,1000.00,1,n st,Y,N,N,N,N,N,N,N,Inherent\, various workers tell now new terms. Different ,Unknown,N
1940,AAAAAAAAEJHAAAAA,2450887,2450906,332432,1000.00,1,bar,N,N,N,N,N,N,N,N,Upper\, loyal notes should raise on a preparations. Hot ,Unknown,N
1941,AAAAAAAAFJHAAAAA,2450198,2450257,387607,1000.00,1,ought,N,N,N,N,N,N,N,N,Most increased libraries justify so. Fas,Unknown,N
1942,AAAAAAAAGJHAAAAA,2450282,2450310,176872,1000.00,1,able,Y,N,N,N,N,N,N,N,Marks slide again liberal hands; years find always central\, ,Unknown,N
1943,AAAAAAAAHJHAAAAA,2450793,2450834,385672,1000.00,1,pri,N,N,N,N,N,N,N,N,Now other minds may prove even necessary various mem,Unknown,N
1944,AAAAAAAAIJHAAAAA,2450211,2450246,71347,1000.00,1,ese,Y,N,N,N,N,N,N,N,Tomorrow other centres tr,Unknown,N
1945,AAAAAAAAJJHAAAAA,2450170,2450186,312649,1000.00,1,anti,N,N,N,N,N,N,N,N,Young meetings could keep almost possible companies; ,Unknown,N
1946,AAAAAAAAKJHAAAAA,2450251,2450308,457130,1000.00,1,cally,N,N,N,N,N,N,N,N,Public\, lexical words shall try more warm\, phys,Unknown,N
1947,AAAAAAAALJHAAAAA,2450592,2450625,37036,1000.00,1,ation,N,N,N,N,N,N,N,N,Chemically able eyes find. At least southern chara,Unknown,N
1948,AAAAAAAAMJHAAAAA,2450756,2450816,179522,1000.00,1,eing,N,N,N,N,N,N,N,N,Best green refugees must apply again by the ,Unknown,N
1949,AAAAAAAANJHAAAAA,2450626,2450662,155917,1000.00,1,n st,Y,N,N,N,N,N,N,N,Central churches leave protests. White angles love personal ,Unknown,N
1950,AAAAAAAAOJHAAAAA,2450856,2450902,499400,1000.00,1,bar,N,N,N,N,N,N,N,N,Men bypass just new\, interest,Unknown,N
1951,AAAAAAAAPJHAAAAA,2450697,2450742,329450,1000.00,1,ought,N,N,N,N,N,N,N,N,Human\, friendly mines should t,Unknown,N
1952,AAAAAAAAAKHAAAAA,2450713,2450728,429115,1000.00,1,able,N,N,N,N,N,N,N,N,Close\, exotic diseases might e,Unknown,N
1953,AAAAAAAABKHAAAAA,2450342,2450397,393253,1000.00,1,pri,Y,N,N,N,N,N,N,N,Local\, available databases plant farm,Unknown,N
1954,AAAAAAAACKHAAAAA,2450563,2450593,486292,1000.00,1,ese,N,N,N,N,N,N,N,N,Chosen authors might mean new rooms. Successf,Unknown,N
1955,AAAAAAAADKHAAAAA,2450594,2450602,391738,1000.00,1,anti,Y,N,N,N,N,N,N,N,Models could cooperate in a systems. Prospective\, luck,Unknown,N
1956,AAAAAAAAEKHAAAAA,2450514,2450564,492698,1000.00,1,cally,Y,N,N,N,N,N,N,N,Waste affairs cannot get simply late cases; that various g,Unknown,N
1957,AAAAAAAAFKHAAAAA,2450803,2450856,56162,1000.00,1,ation,Y,N,N,N,N,N,N,N,Gently main flowers provide awkwardly in ,Unknown,N
1958,AAAAAAAAGKHAAAAA,2450105,2450134,25808,1000.00,1,eing,Y,N,N,N,N,N,N,N,Constant\, domestic flowers go seemingly users;,Unknown,N
1959,AAAAAAAAHKHAAAAA,2450736,2450795,486487,1000.00,1,n st,Y,N,N,N,N,N,N,N,Pupils ought to pass in general liberal\, delica,Unknown,N
1960,AAAAAAAAIKHAAAAA,2450904,2450949,40310,1000.00,1,bar,Y,N,N,N,N,N,N,N,Genuine\, close differences will not like temporar,Unknown,N
1961,AAAAAAAAJKHAAAAA,2450315,2450324,425476,1000.00,1,ought,Y,N,N,N,N,N,N,N,Distinct plants ought to sound particular hours. Once new ,Unknown,N
1962,AAAAAAAAKKHAAAAA,2450241,2450279,28672,1000.00,1,able,N,N,N,N,N,N,N,N,Birds cope seriously substantially diff,Unknown,N
1963,AAAAAAAALKHAAAAA,2450733,2450747,298994,1000.00,1,pri,Y,N,N,N,N,N,N,N,Responsible children may not evade also present price,Unknown,N
1964,AAAAAAAAMKHAAAAA,2450854,2450910,342446,1000.00,1,ese,Y,N,N,N,N,N,N,N,Only\, physical application,Unknown,N
1965,AAAAAAAANKHAAAAA,2450507,2450562,490730,1000.00,1,anti,N,N,N,N,N,N,N,N,Free\, classical years fit accurately ,Unknown,N
1966,AAAAAAAAOKHAAAAA,2450533,2450571,188,1000.00,1,cally,Y,N,N,N,N,N,N,N,Often swiss days shall visual,Unknown,N
1967,AAAAAAAAPKHAAAAA,2450608,2450656,379993,1000.00,1,ation,N,N,N,N,N,N,N,N,Senior\, vast talks finish a ,Unknown,N
1968,AAAAAAAAALHAAAAA,2450840,2450849,367393,1000.00,1,eing,N,N,N,N,N,N,N,N,Refugees might see willingly old,Unknown,N
1969,AAAAAAAABLHAAAAA,2450843,2450893,92876,1000.00,1,n st,N,N,N,N,N,N,N,N,Acres should depend for a feeling,Unknown,N
1970,AAAAAAAACLHAAAAA,2450797,2450803,257564,1000.00,1,bar,N,N,N,N,N,N,N,N,Years undertake subtle\, attractive museums. For certai,Unknown,N
1971,AAAAAAAADLHAAAAA,2450485,2450544,133033,1000.00,1,ought,N,N,N,N,N,N,N,N,Silly books would reward sure. Mu,Unknown,N
1972,AAAAAAAAELHAAAAA,2450253,2450276,450214,1000.00,1,able,N,N,N,N,N,N,N,N,As live hundreds guess neare,Unknown,N
1973,AAAAAAAAFLHAAAAA,2450319,2450331,162230,1000.00,1,pri,Y,N,N,N,N,N,N,N,Rather visible services examine. Dark\, new h,Unknown,N
1974,AAAAAAAAGLHAAAAA,2450549,2450600,183314,1000.00,1,ese,N,N,N,N,N,N,N,N,In common statutory speeche,Unknown,N
1975,AAAAAAAAHLHAAAAA,2450589,2450607,205358,1000.00,1,anti,N,N,N,N,N,N,N,N,Still exact titles know still. French forms will show clai,Unknown,N
1976,AAAAAAAAILHAAAAA,2450909,2450919,158851,1000.00,1,cally,N,N,N,N,N,N,N,N,Occupational\, radical fans dispose between a courses. C,Unknown,N
1977,AAAAAAAAJLHAAAAA,2450811,2450821,135847,1000.00,1,ation,N,N,N,N,N,N,N,N,Illegally male horses might say; cent,Unknown,N
1978,AAAAAAAAKLHAAAAA,2450117,2450125,392516,1000.00,1,eing,N,N,N,N,N,N,N,N,Left forms need very right clear hundreds. Youn,Unknown,N
1979,AAAAAAAALLHAAAAA,2450302,2450311,159548,1000.00,1,n st,N,N,N,N,N,N,N,N,As heavy others stop pr,Unknown,N
1980,AAAAAAAAMLHAAAAA,2450464,2450474,246562,1000.00,1,bar,N,N,N,N,N,N,N,N,About noble hotels purchase. Women see. Never black fi,Unknown,N
1981,AAAAAAAANLHAAAAA,2450599,2450612,338686,1000.00,1,ought,N,N,N,N,N,N,N,N,International lines s,Unknown,N
1982,AAAAAAAAOLHAAAAA,2450447,2450502,495388,1000.00,1,able,Y,N,N,N,N,N,N,N,About good policies might not enjoy wit,Unknown,N
1983,AAAAAAAAPLHAAAAA,2450667,2450695,420892,1000.00,1,pri,Y,N,N,N,N,N,N,N,Conditions agree home e,Unknown,N
1984,AAAAAAAAAMHAAAAA,2450430,2450432,290678,1000.00,1,ese,N,N,N,N,N,N,N,N,Arguments may behave however other streets. Again f,Unknown,N
1985,AAAAAAAABMHAAAAA,2450673,2450696,58336,1000.00,1,anti,Y,N,N,N,N,N,N,N,So-called wishes need. Numbers cons,Unknown,N
1986,AAAAAAAACMHAAAAA,2450151,2450169,80653,1000.00,1,cally,Y,N,N,N,N,N,N,N,Environmental members might partic,Unknown,N
1987,AAAAAAAADMHAAAAA,2450509,2450531,212605,1000.00,1,ation,N,N,N,N,N,N,N,N,Changing\, old rules could ,Unknown,N
1988,AAAAAAAAEMHAAAAA,2450376,2450399,194744,1000.00,1,eing,N,N,N,N,N,N,N,N,Nervous\, strong areas,Unknown,N
1989,AAAAAAAAFMHAAAAA,2450741,2450761,70412,1000.00,1,n st,N,N,N,N,N,N,N,N,Certainly other ideas develop both before the,Unknown,N
1990,AAAAAAAAGMHAAAAA,\\N,\\N,\\N,\\N,\\N,bar,N,N,N,\\N,\\N,\\N,N,\\N,\\N,\\N,N
1991,AAAAAAAAHMHAAAAA,2450445,2450450,460540,1000.00,1,ought,N,N,N,N,N,N,N,N,British\, new angles ,Unknown,N
1992,AAAAAAAAIMHAAAAA,2450894,2450913,197029,1000.00,1,able,Y,N,N,N,N,N,N,N,Perhaps other shoes shall like well much di,Unknown,N
1993,AAAAAAAAJMHAAAAA,2450743,2450792,417751,1000.00,1,pri,N,N,N,N,N,N,N,N,Substances wind more popular nove,Unknown,N
1994,AAAAAAAAKMHAAAAA,2450761,2450775,130594,1000.00,1,ese,Y,N,N,N,N,N,N,N,Students ought to see only difficu,Unknown,N
1995,AAAAAAAALMHAAAAA,2450243,2450281,431600,1000.00,1,anti,Y,N,N,N,N,N,N,N,Much young contracts leave as ethnic ,Unknown,N
1996,AAAAAAAAMMHAAAAA,2450772,2450774,166069,1000.00,1,cally,Y,N,N,N,N,N,N,N,Necessary\, labour ca,Unknown,N
1997,AAAAAAAANMHAAAAA,2450266,2450309,119197,1000.00,1,ation,Y,N,N,N,N,N,N,N,Double exports might not launch ill. Partially anci,Unknown,N
1998,AAAAAAAAOMHAAAAA,2450096,2450116,189943,1000.00,1,eing,N,N,N,N,N,N,N,N,Blind\, various thousands ,Unknown,N
1999,AAAAAAAAPMHAAAAA,2450891,2450898,353272,1000.00,1,n st,N,N,N,N,N,N,N,N,Stairs shall not think just vide,Unknown,N
2000,AAAAAAAAANHAAAAA,2450181,2450240,69554,1000.00,1,bar,Y,N,N,N,N,N,N,N,Men used to want average\, good words. Workers can come co,Unknown,N