1,AAAAAAAABAAAAAAA,1997-08-16,\\N,site_0,2450807,\\N,Unknown,Ronald Shaffer,4,Grey lines ought to result indeed centres. Tod,Well similar decisions used to keep hardly democratic\, personal priorities.,Joe George,6,cally,51,Dogwood Sunset,Ln,Suite 330,Pleasant Hill,Lunenburg County,VA,23604,United States,-5.00,0.10
2,AAAAAAAACAAAAAAA,1997-08-16,2000-08-15,site_0,2450798,2441673,Unknown,Tommy Jones,6,Completely excellent things ought to pro,Lucky passengers know. Red details will not hang alive\, international s,David Myers,4,ese,358,Ridge Wilson,Cir.,Suite 150,Green Acres,McHenry County,ND,57683,United States,-6.00,0.00
3,AAAAAAAACAAAAAAA,2000-08-16,\\N,site_0,2450798,2441673,Unknown,Tommy Jones,3,Completely excellent things ought to pro,Particular\, common seasons shall not indicate fully more single decisions; ,David Myers,4,ese,753,7th ,Pkwy,Suite 210,Lakeview,Appanoose County,IA,57683,United States,-6.00,0.02
4,AAAAAAAAEAAAAAAA,1997-08-16,1999-08-16,site_0,2450781,2446218,Unknown,Harold Wilson,5,As strong notes deal questions. Proud visito,Deeply small books cannot extend all similar\, clear historians. Free\, new camp,James Harris,5,anti,805,Hill Hill,Dr.,Suite R,Highland Park,Klamath County,OR,96534,United States,-8.00,0.08
5,AAAAAAAAEAAAAAAA,1999-08-17,2001-08-15,site_0,2450781,2446218,Unknown,Harold Wilson,5,Wide\, final representat,Deeply small books cannot extend all similar\, clear historians. Free\, new camp,Edward George,1,ought,805,2nd 3rd,Road,Suite R,Forest Hills,Lincoln County,NE,96534,United States,-8.00,0.08
6,AAAAAAAAEAAAAAAA,2001-08-16,\\N,site_0,2450781,2446218,Unknown,Harold Wilson,5,Wide\, final representat,Thin roles should run quickly. Patient parts include even in the ladies; only united trouser,John Sheppard,3,ought,63,Hickory 3rd,Ct.,Suite 130,Forest Hills,Sierra County,NM,96534,United States,-8.00,0.08
7,AAAAAAAAHAAAAAAA,1997-08-16,\\N,site_1,2450756,\\N,Unknown,Moses Hicks,4,New homes comment great. Possibilities re,Enough small animals emerge at a holidays. Managers expect only.,William Reyes,4,ese,784,Central ,Dr.,Suite Q,Concord,Coal County,OK,74107,United States,-6.00,0.12
8,AAAAAAAAIAAAAAAA,1997-08-16,2000-08-15,site_1,2450747,2446184,Unknown,Charles Parker,1,Only\, temporary services ,Physical witnesses might not agree really already existing prayers. Loyal\, possible m,Gerald Craft,5,anti,835,Washington ,Avenue,Suite 470,Harmony,Surry County,VA,25804,United States,-5.00,0.07
9,AAAAAAAAIAAAAAAA,2000-08-16,\\N,site_1,2450747,2446184,Unknown,Marshall Conner,6,Labour cars withdraw big\, full issues,Physical witnesses might not agree really already existing prayers. Loyal\, possible m,Scott Bryant,1,anti,835,11th ,Cir.,Suite R,Lakeview,Chambers County,TX,78579,United States,-5.00,0.07
10,AAAAAAAAKAAAAAAA,1997-08-16,1999-08-16,site_1,2450730,2441605,Unknown,Dwight Aaron,3,New\, important system,Companies grow cells. Apart true eyes u,Frank Cooper,2,able,409,Lake ,Ct.,Suite 370,Wilson,Miller County,GA,36971,United States,-5.00,0.07
11,AAAAAAAAKAAAAAAA,1999-08-17,2001-08-15,site_1,2450730,2441605,Unknown,Dwight Aaron,3,Right efforts must no,Companies grow cells. Apart true eyes u,Casey Banks,2,able,409,Cedar ,Parkway,Suite 350,Mount Zion,Harding County,NM,88054,United States,-5.00,0.07
12,AAAAAAAAKAAAAAAA,2001-08-16,\\N,site_1,2450730,2441605,Unknown,Richard Fuchs,3,Right efforts must no,Acres see else children. Mutual too,Casey Banks,2,able,409,Lincoln ,Pkwy,Suite D,Centerville,Levy County,FL,88054,United States,-5.00,0.07
13,AAAAAAAANAAAAAAA,1997-08-16,\\N,site_2,2450705,\\N,Unknown,John Thomas,2,About rural reasons shall no,Political affairs ought to,James Brewer,5,anti,973,Cherry Main,Boulevard,Suite D,Summit,Box Butte County,NE,60499,United States,-6.00,0.07
14,AAAAAAAAOAAAAAAA,1997-08-16,2000-08-15,site_2,2450696,2441571,Unknown,Robert Arnold,5,Necessary\, intermediat,Associations may kill sole parents. Red\, pink results rise nearly,Gilbert Chapman,5,anti,887,River ,Drive,Suite 390,Clinton,Gogebic County,MI,48222,United States,-5.00,0.07
15,AAAAAAAAOAAAAAAA,2000-08-16,\\N,site_2,2450696,2441571,Unknown,James Austin,5,Necessary\, intermediat,Associations may kill sole parents. Red\, pink results rise nearly,Zachery Oneil,5,anti,887,Broadway South,Road,Suite 260,Maple Grove,Kittitas County,WA,48222,United States,-8.00,0.08
16,AAAAAAAAABAAAAAA,1997-08-16,1999-08-16,site_2,2450679,2446116,Unknown,Herbert Hawes,6,Hard new suggestions might contain nat,Basic others will not appreciate so late\, potential chil,Albert Leung,6,cally,841,West Cedar,Blvd,Suite D,Liberty,Hubbard County,MN,53451,United States,-6.00,0.04
17,AAAAAAAAABAAAAAA,1999-08-17,2001-08-15,site_2,2450679,2446116,Unknown,Charles Castillo,5,New\, different roads know standa,Basic others will not appreciate so late\, potential chil,Keith Frazier,6,cally,841,Wilson Ridge,Way,Suite 20,Midway,Warren County,VA,21904,United States,-5.00,0.04
18,AAAAAAAAABAAAAAA,2001-08-16,\\N,site_2,2450679,2446116,Unknown,Charles Castillo,5,Broad\, new groups show car,Basic others will not appreciate so late\, potential chil,Keith Frazier,6,cally,841,Sycamore ,Wy,Suite 450,Glenwood,Hinds County,MS,21904,United States,-5.00,0.01
19,AAAAAAAADBAAAAAA,1997-08-16,\\N,site_3,2450654,\\N,Unknown,Jimmy Pope,2,Leaders make as yet particular\, desperate machi,Home new thoughts must get however thoughts; technical\, oth,Eldon Snow,5,anti,184,Hill 5th,Parkway,Suite 280,Woodland,Karnes County,TX,74854,United States,-6.00,0.04
20,AAAAAAAAEBAAAAAA,1997-08-16,2000-08-15,site_3,2450645,2446082,Unknown,Peter Cassidy,4,Just popular words shall ,Formerly long minds deal aside parties. Lef,Kelvin Lynch,3,pri,828,2nd ,Wy,Suite J,Spring Valley,Levy County,FL,36060,United States,-5.00,0.04
21,AAAAAAAAEBAAAAAA,2000-08-16,\\N,site_3,2450645,2446082,Unknown,Adam Stonge,5,As private emotions carry yet services. Wor,Formerly long minds deal aside parties. Lef,Jarvis Allen,4,pri,828,1st Maple,Blvd,Suite U,Five Forks,Arthur County,NE,62293,United States,-5.00,0.07
22,AAAAAAAAGBAAAAAA,1997-08-16,1999-08-16,site_3,2450628,2441503,Unknown,Lewis Wolf,5,Severe\, useful funds lift; just,Individual negotiations might join badly children. Brown features travel fiercely dramatic k,James Bernard,2,able,292,Elevnth Third,Wy,Suite 30,Pine Grove,Quay County,NM,84593,United States,-7.00,0.07
23,AAAAAAAAGBAAAAAA,1999-08-17,2001-08-15,site_3,2450628,2441503,Unknown,Jason Silva,4,Severe\, useful funds lift; just,Individual negotiations might join badly children. Brown features travel fiercely dramatic k,Jeffrey Martin,2,able,292,Railroad ,Court,Suite 440,Woodville,Ford County,KS,84593,United States,-6.00,0.01
24,AAAAAAAAGBAAAAAA,2001-08-16,\\N,site_3,2450628,2441503,Unknown,John Ward,4,Severe\, useful funds lift; just,Individual negotiations might join badly children. Brown features travel fiercely dramatic k,Philip Sampson,2,able,292,Hickory Meadow,ST,Suite 460,Belmont,Gogebic County,MI,84593,United States,-5.00,0.01
25,AAAAAAAAJBAAAAAA,1997-08-16,\\N,site_4,2450603,\\N,Unknown,Julio Davis,3,Continuous\, social schools shou,Concerned\, royal weeks should announce.,Donald Mckinney,1,ought,671,Willow ,Drive,Suite T,Highland,Wadena County,MN,59454,United States,-6.00,0.01
26,AAAAAAAAKBAAAAAA,1997-08-16,2000-08-15,site_4,2450594,2441469,Unknown,William Carter,2,Also difficult women relax. Raw solutions exclude,Often well-known police can hand acres. Healthy\, sensible problems make more silent recordings,Keith Williams,2,able,892,Cedar North,Drive,Suite 280,Midway,Franklin Parish,LA,71904,United States,-6.00,0.07
27,AAAAAAAAKBAAAAAA,2000-08-16,\\N,site_4,2450594,2441469,Unknown,William Carter,2,Also difficult women relax. Raw solutions exclude,Often well-known police can hand acres. Healthy\, sensible problems make more silent recordings,John Isaacs,5,able,892,Spruce ,Wy,Suite 200,Concord,Gogebic County,MI,44107,United States,-6.00,0.12
28,AAAAAAAAMBAAAAAA,1997-08-16,1999-08-16,site_4,2450577,2446014,Unknown,Raymond Oneill,4,Hands look again nice years. Alre,Skills can want as common agencies. Appropriate issues can use. Over national lives may lear,Jeffrey Campbell,3,pri,730,Central 14th,Dr.,Suite Q,Buena Vista,Ziebach County,SD,55752,United States,-6.00,0.09
29,AAAAAAAAMBAAAAAA,1999-08-17,2001-08-15,site_4,2450577,2446014,Unknown,Raymond Oneill,4,Well-known\, patient proposals m,Skills can want as common agencies. Appropriate issues can use. Over national lives may lear,Jeffrey Campbell,3,pri,247,Park ,Boulevard,Suite 100,Bethel,Franklin Parish,LA,55752,United States,-6.00,0.12
30,AAAAAAAAMBAAAAAA,2001-08-16,\\N,site_4,2450577,2446014,Unknown,Raymond Oneill,4,Well-known\, patient proposals m,Skills can want as common agencies. Appropriate issues can use. Over national lives may lear,Jeffrey Campbell,1,pri,247,South Third,Wy,Suite 210,Pleasant Hill,Lunenburg County,VA,23604,United States,-5.00,0.05
31,AAAAAAAAPBAAAAAA,1997-08-16,\\N,site_5,2450552,\\N,Unknown,Danny Gates,5,Previous\, wide men may paint more r,Global children account schools; important methods ,Rubin Freeman,5,anti,222,2nd View,Road,Suite U,Forest Hills,Adams County,IN,49237,United States,-5.00,0.11
32,AAAAAAAAACAAAAAA,1997-08-16,2000-08-15,site_5,2450543,2445980,Unknown,Daniel Johnson,5,Components allay lovely privileges. Hard\,,Changes find with a ways. Electric,Derek Rivers,5,anti,193,9th Ridge,Dr.,Suite G,Oakwood,Williamson County,TN,30169,United States,-5.00,0.01
33,AAAAAAAAACAAAAAA,2000-08-16,\\N,site_5,2450543,2445980,Unknown,Robert Bailey,2,Components allay lovely privileges. Hard\,,Arms concentrate with a consultants. Exactly diplomatic mechanism,Paul Robinson,5,anti,193,Mill Miller,Circle,Suite 400,Greenwood,Dauphin County,PA,18828,United States,-5.00,0.08
34,AAAAAAAACCAAAAAA,1997-08-16,1999-08-16,site_5,2450526,2441401,Unknown,Luke Johnson,2,More ordinary questions ,Public\, current operations cou,Duncan Johnson,2,able,631,Dogwood ,Ave,Suite X,Pleasant Hill,Hubbard County,MN,53604,United States,-6.00,0.07
35,AAAAAAAACCAAAAAA,1999-08-17,2001-08-15,site_5,2450526,2441401,Unknown,Luke Johnson,2,More ordinary questions ,Losses cover flames. Cars might not find very stand,Salvatore Griffin,3,pri,873,3rd Park,Court,Suite H,New Hope,Jefferson Davis Parish,LA,53604,United States,-6.00,0.11
36,AAAAAAAACCAAAAAA,2001-08-16,\\N,site_5,2450526,2441401,Unknown,Luke Johnson,6,Direct children become ,Still personal inches v,Alfred Reeves,3,pri,622,Seventh Willow,Pkwy,Suite 40,Antioch,Perry County,IL,53604,United States,-6.00,0.00
37,AAAAAAAAFCAAAAAA,1997-08-16,\\N,site_6,2450501,\\N,Unknown,Jay Duffy,2,Acids represent; now recent personnel ,Social\, young answers will not provide quite wide\, common interests; real signs matter ,John Williams,6,cally,784,Franklin ,Lane,Suite 250,Hopewell,Henry County,VA,20587,United States,-5.00,0.05
38,AAAAAAAAGCAAAAAA,1997-08-16,2000-08-15,site_6,2450492,2441367,Unknown,Ruben Doyle,1,Final children would go strong,Ill\, official pounds fall drawings. Companies step here free payments; due\, other pupils kill ,Ricardo Gallo,6,cally,885,View Washington,Drive,Suite T,Newport,Hinds County,MS,51521,United States,-6.00,0.11
39,AAAAAAAAGCAAAAAA,2000-08-16,\\N,site_6,2450492,2441367,Unknown,Ronnie Morris,1,Places could name positive\, english teachers,Public firms lead away things. Total\, political years ,Edward Hernandez,6,cally,885,Lakeview ,Ct.,Suite P,Highland,Adams County,IN,51521,United States,-5.00,0.03
40,AAAAAAAAICAAAAAA,1997-08-16,1999-08-16,site_6,2450475,2445912,Unknown,Mark Casteel,4,Written\, political plans show to the models. T,Constant interests used to stand. Cars unde,Kenneth Holland,3,pri,97,Elevnth ,RD,Suite B,Oakland,Henry County,VA,29843,United States,-5.00,0.11
41,AAAAAAAAICAAAAAA,1999-08-17,2001-08-15,site_6,2450475,2445912,Unknown,Mark Casteel,4,Onwards significant ways benefit ahead long op,Common\, typical customers make also as huge times; yet soviet lights preven,Kenneth Holland,4,ese,97,Third Lake,Cir.,Suite C,Franklin,Dade County,GA,39101,United States,-5.00,0.05
42,AAAAAAAAICAAAAAA,2001-08-16,\\N,site_6,2450475,2445912,Unknown,Mark Casteel,2,Onwards significant ways benefit ahead long op,Forces begin still. Signs raise here yester,Kenneth Holland,4,ese,97,Second Madison,Court,Suite Q,Bridgeport,Ford County,KS,39101,United States,-6.00,0.05
43,AAAAAAAALCAAAAAA,\\N,\\N,\\N,2450450,\\N,Unknown,David Bauer,\\N,\\N,Specific\, arab jeans may not use royal wives. ,Michael Fields,2,\\N,442,\\N,Ln,Suite 370,Pleasant Grove,Walker County,AL,34136,United States,-6.00,\\N
44,AAAAAAAAMCAAAAAA,1997-08-16,2000-08-15,site_7,2450441,2445878,Unknown,William Young,4,Books might not reserve about complaints. Mee,Prospective\, strange pages could let just military firms. Voluntary\, pure streets vo,James Horst,4,ese,472,East ,Street,Suite 450,Greenville,Luce County,MI,41387,United States,-5.00,0.06
45,AAAAAAAAMCAAAAAA,2000-08-16,\\N,site_7,2450441,2445878,Unknown,William Young,4,Clear\, new years disper,Prospective\, strange pages could let just military firms. Voluntary\, pure streets vo,John Gallo,4,ese,472,Maple South,Wy,Suite 490,Greenwood,Harmon County,OK,41387,United States,-6.00,0.03
46,AAAAAAAAOCAAAAAA,1997-08-16,1999-08-16,site_7,2450424,2441299,Unknown,Francis Houston,2,Widely total examples should not,Windows increase to a differences. Other parties might in,James Thomas,4,ese,971,Valley ,Ln,Suite U,Woodville,Murray County,GA,34289,United States,-5.00,0.08
47,AAAAAAAAOCAAAAAA,1999-08-17,2001-08-15,site_7,2450424,2441299,Unknown,Francis Houston,2,Widely total examples should not,Windows increase to a differences. Other parties might in,John Lowe,6,cally,713,Walnut 5th,Ave,Suite 90,Greenwood,Perry County,IL,68828,United States,-6.00,0.08
48,AAAAAAAAOCAAAAAA,2001-08-16,\\N,site_7,2450424,2441299,Unknown,Michael Walls,2,Widely total examples should not,Hard roman examples might stare just weekly p,Miguel Dennis,4,ese,934,5th ,RD,Suite A,Pleasant Valley,Furnas County,NE,68828,United States,-6.00,0.08
49,AAAAAAAABDAAAAAA,1997-08-16,\\N,site_8,2450399,\\N,Unknown,Sol Lacy,6,Ranks should give most as f,Over well-known times will not die ag,Jim Sanders,4,ese,393,Poplar ,Court,Suite 90,Lincoln,Appanoose County,IA,51289,United States,-6.00,0.05
50,AAAAAAAACDAAAAAA,1997-08-16,2000-08-15,site_8,2450390,2441265,Unknown,Jerald Rizzo,6,Terms know with a windows. Able leaders mak,Terms signal now according to a others. Pairs must not let in a,Curtis Washington,2,able,950,1st Hill,Blvd,Suite 60,Cedar Grove,Lea County,NM,80411,United States,-7.00,0.08
51,AAAAAAAACDAAAAAA,2000-08-16,\\N,site_8,2450390,2441265,Unknown,Donald Graves,2,Tears shall not return rather cases. Big\, co,Terms signal now according to a others. Pairs must not let in a,Chad Robinson,2,able,386,3rd ,ST,Suite E,Waterloo,Lea County,NM,80411,United States,-7.00,0.12
52,AAAAAAAAEDAAAAAA,\\N,1999-08-16,\\N,\\N,\\N,\\N,\\N,4,Cheerfully constitutional characteristics com,Dutch\, existing boots find to a poets. Culturally automatic hours could not r,\\N,1,\\N,\\N,1st ,Blvd,Suite Y,\\N,\\N,VA,26867,\\N,\\N,0.05
53,AAAAAAAAEDAAAAAA,1999-08-17,2001-08-15,site_8,2450373,2445810,Unknown,Richard Wright,4,Cheerfully constitutional characteristics com,Dutch\, existing boots find to a poets. Culturally automatic hours could not r,James Ouellette,4,ought,983,West Spring,Road,Suite 60,Hillcrest,Brazos County,TX,73003,United States,-6.00,0.10
54,AAAAAAAAEDAAAAAA,2001-08-16,\\N,site_8,2450373,2445810,Unknown,Jon Haynes,3,Shadows perceive at the examples; ,Incredibly fit systems look thereof forces. Wholly typical officers g,James Ouellette,1,ought,920,Park ,ST,Suite 90,Edgewood,Anderson County,KY,73003,United States,-6.00,0.04
55,AAAAAAAAHDAAAAAA,1997-08-16,\\N,site_9,2450348,\\N,Unknown,Monte Phelan,2,Clearly western churches,Great\, new years cannot claim also necessary eyes. Permanent\, global shares could not use at,Keith Bartlett,2,able,444,Mill 2nd,Blvd,Suite M,Sulphur Springs,Gogebic County,MI,48354,United States,-5.00,0.08
56,AAAAAAAAIDAAAAAA,1997-08-16,2000-08-15,site_9,2450339,2445776,Unknown,Thomas Valenzuela,2,Eastern\, recent topic,Small\, good qualifications could sit possibly furious operations. Actually origi,Jerry Brown,5,anti,214,Sycamore View,Ln,Suite 0,Mount Olive,Ford County,KS,68059,United States,-6.00,0.10
57,AAAAAAAAIDAAAAAA,2000-08-16,\\N,site_9,2450339,2445776,Unknown,Dennis Potts,2,Chief policies drink key\, southern ,Quick interactions experience too courses. ,Jerry Brown,4,ese,214,North Cherry,Ct.,Suite L,Mount Pleasant,Arthur County,NE,68059,United States,-6.00,0.06
58,AAAAAAAAKDAAAAAA,1997-08-16,1999-08-16,site_9,2450322,2441197,Unknown,Jerry Beatty,1,There important makers cannot l,Considerable\, major words resu,Patrick Mead,5,anti,324,Poplar Center,Avenue,Suite 180,Harmony,Nuckolls County,NE,65804,United States,-7.00,0.12
59,AAAAAAAAKDAAAAAA,1999-08-17,2001-08-15,site_9,2450322,2441197,Unknown,Jerry Beatty,1,Groups let. Unable acts may pu,Families work files; interviews allow at the customers,Otis Peterson,2,able,414,10th First,Ln,Suite Q,Concord,Luce County,MI,44107,United States,-5.00,0.12
60,AAAAAAAAKDAAAAAA,2001-08-16,\\N,site_9,2450322,2441197,Unknown,Stephen Garza,1,Problems can say though extra\, economic schools.,Again initial parents feel. Acute pilots could not know clean\, chinese rates. ,Otis Peterson,6,able,478,Chestnut ,Wy,Suite 460,Bridgeport,Arthur County,NE,65817,United States,-5.00,0.12
61,AAAAAAAANDAAAAAA,1997-08-16,\\N,site_10,2450297,\\N,Unknown,Clyde Powell,4,Again pretty states change gradual,Outside workers might buy twin\, original officials. Russian\, major ses,James Easter,1,ought,893,Maple Jefferson,Drive,Suite V,Kingston,Sumner County,TN,34975,United States,-6.00,0.05
62,AAAAAAAAODAAAAAA,1997-08-16,2000-08-15,site_10,2450288,2441163,Unknown,William Kearney,5,Notes could not know cases. Mediterrane,Violent\, english bands abolish at the parties. Actual days can,Paul Coe,2,able,763,Main Lee,Lane,Suite V,Fairview,Wadena County,MN,55709,United States,-6.00,0.08
63,AAAAAAAAODAAAAAA,2000-08-16,\\N,site_10,2450288,2441163,Unknown,William Kearney,1,Notes could not know cases. Mediterrane,Indeed sudden processes cannot res,Paul Coe,2,able,763,Meadow Main,RD,Suite J,Mount Olive,Kittitas County,WA,55709,United States,-6.00,0.08
64,AAAAAAAAAEAAAAAA,1997-08-16,1999-08-16,site_10,2450271,2445708,Unknown,Kristopher Bratcher,4,Symbolic\, hard ideas give seemingly in a pubs. M,Just average men could become only; safe interests could ret,Timothy Mays,1,ought,401,4th Ninth,Pkwy,Suite 20,Springfield,Harmon County,OK,79303,United States,-6.00,0.02
65,AAAAAAAAAEAAAAAA,1999-08-17,2001-08-15,site_10,2450271,2445708,Unknown,Kristopher Bratcher,4,Carefully delicate ways install readily at,Extensive children should eat. Medical\, historical seats might not write here vario,Timothy Mays,1,ought,810,Church ,Road,Suite 110,Edgewood,Ziebach County,SD,50069,United States,-6.00,0.02
66,AAAAAAAAAEAAAAAA,2001-08-16,\\N,site_10,2450271,2445708,Unknown,Kristopher Bratcher,4,Carefully delicate ways install readily at,Extensive children should eat. Medical\, historical seats might not write here vario,Timothy Mays,2,able,946,Williams College,Circle,Suite 240,Mount Pleasant,Tehama County,CA,50069,United States,-8.00,0.02
67,AAAAAAAADEAAAAAA,1997-08-16,\\N,site_11,2450246,\\N,Unknown,Russell Rife,4,Steps appear here excellent unions. Hot p,Well crucial beliefs point secondly now common practitioners. Other\, new issues allow. Even,Gary Upton,3,pri,908,5th ,Way,Suite 200,Hillcrest,Adams County,IN,43003,United States,-5.00,0.12
68,AAAAAAAAEEAAAAAA,1997-08-16,2000-08-15,site_11,2450237,2445674,Unknown,Paul Robins,2,Trees shall not like at le,Home necessary reports compete so. Cuts can speak together polish wings. Wrong\, interesting intere,Daniel Bergman,2,able,557,Church ,RD,Suite I,Salem,Hubbard County,MN,58048,United States,-6.00,0.06
69,AAAAAAAAEEAAAAAA,2000-08-16,\\N,site_11,2450237,2445674,Unknown,Paul Robins,2,Prices turn abroad top clients; import,Home necessary reports compete so. Cuts can speak together polish wings. Wrong\, interesting intere,Daniel Bergman,2,able,956,2nd ,Road,Suite L,Pine Grove,McHenry County,ND,58048,United States,-6.00,0.03
70,AAAAAAAAGEAAAAAA,1997-08-16,1999-08-16,site_11,2450220,2441095,Unknown,Billy Watkins,3,Upper\, alternative girls work. Quietly private ,Interesting directors achieve in addition potential teachers. Threats hang. Real ,Kareem Jackson,4,ese,568,Lincoln South,Ln,Suite 340,Unionville,Pulaski County,KY,41711,United States,-5.00,0.07
71,AAAAAAAAGEAAAAAA,1999-08-17,2001-08-15,site_11,2450220,2441095,Unknown,Jack Evans,1,Upper\, alternative girls work. Quietly private ,Today interesting tiles know at first schools. Also urgent centres buy therefore apart ele,Kareem Jackson,4,ese,568,3rd 4th,Dr.,Suite G,Spring Hill,Bronx County,NY,16787,United States,-5.00,0.07
72,AAAAAAAAGEAAAAAA,2001-08-16,\\N,site_11,2450220,2441095,Unknown,Jerry Murphy,4,Important\, specific times,General forms must suffer russian offices. Strict knees cannot appear predominantly rapid thousa,Jasper Boggs,3,pri,737,Mill ,Lane,Suite 300,Springfield,Tehama County,CA,16787,United States,-8.00,0.07
73,AAAAAAAAJEAAAAAA,1997-08-16,\\N,site_12,2450195,\\N,Unknown,Jose Burnette,1,Domestic\, guilty hundred,Inc users can achieve continuously w,Frank Cervantes,4,ese,345,Main ,Avenue,Suite 300,Newport,Salem County,NJ,02121,United States,-5.00,0.10
74,AAAAAAAAKEAAAAAA,1997-08-16,2000-08-15,site_12,2450186,2441061,Unknown,John Scott,4,Together labour customs contain also various sold,International\, similar trees cannot floa,Vincent Smith,2,able,115,First Railroad,Circle,Suite U,Stringtown,Mobile County,AL,30162,United States,-6.00,0.05
75,AAAAAAAAKEAAAAAA,2000-08-16,\\N,site_12,2450186,2441061,Unknown,Mario Whitehurst,4,Mothers think about a questions; new\, eng,However full activities cause somewhat still small coins. Normal things begin experts. ,Vincent Smith,2,able,115,Cherry Maple,Drive,Suite U,Fairview,Conecuh County,AL,35709,United States,-6.00,0.12
76,AAAAAAAAMEAAAAAA,1997-08-16,1999-08-16,site_12,2450169,2445606,Unknown,Mario Parker,6,Necessary\, other develo,Pains know important\, special polls. Unlikely\, fresh othe,Calvin Nagle,6,cally,813,13th River,Lane,Suite E,Macedonia,Piute County,UT,81087,United States,-7.00,0.12
77,AAAAAAAAMEAAAAAA,1999-08-17,2001-08-15,site_12,2450169,2445606,Unknown,Mario Parker,6,Workers must not experience things. Results,Pains know important\, special polls. Unlikely\, fresh othe,Calvin Nagle,5,anti,813,Meadow ,Circle,Suite I,Hillcrest,Quay County,NM,83003,United States,-7.00,0.09
78,AAAAAAAAMEAAAAAA,2001-08-16,\\N,site_12,2450169,2445606,Unknown,John Thomas,2,Attacks erect very lo,Little secrets swing apparently artistic\, theoretical types. Administrativ,Conrad Schmitt,3,pri,813,Oak ,Lane,Suite Q,Union,Wilkinson County,GA,38721,United States,-7.00,0.09
79,AAAAAAAAPEAAAAAA,1997-08-16,\\N,site_13,2450144,\\N,Unknown,James Ridenour,3,Entire groups buy at a conditions. Then final is,Very claims should not identify sometimes very signals,Anthony Webster,5,anti,532,Johnson 2nd,ST,Suite 230,Jackson,Conecuh County,AL,39583,United States,-6.00,0.04
80,AAAAAAAAAFAAAAAA,1997-08-16,2000-08-15,site_13,2450135,2445572,Unknown,Cory Martin,2,Soft companies outline in part,Databases see metropolitan\, open grounds; employers must not crea,Russell Cook,1,ought,607,Sunset ,Circle,Suite R,Harmony,Jefferson Davis Parish,LA,75804,United States,-6.00,0.08
81,AAAAAAAAAFAAAAAA,2000-08-16,\\N,site_13,2450135,2445572,Unknown,Cory Martin,2,Soft companies outline in part,Often pure rates would think; official children should offer. Important\, logical republics stop,Daniel Thomas,4,ought,14,Fourth College,Blvd,Suite 120,Franklin,Kittitas County,WA,75804,United States,-8.00,0.05
82,AAAAAAAACFAAAAAA,1997-08-16,1999-08-16,site_13,2450118,2440993,Unknown,James Cagle,1,Dirty funds strengthen further by the phrase,Brief maps see. Habits wi,Timothy Easterling,4,ese,975,Wilson ,RD,Suite S,Union Hill,Pulaski County,KY,47746,United States,-5.00,0.07
83,AAAAAAAACFAAAAAA,1999-08-17,2001-08-15,site_13,2450118,2440993,Unknown,James Cagle,1,Sad\, grey others should adopt so high\, sil,Possibly different nu,Timothy Easterling,4,ese,975,Main Main,Street,Suite 40,Antioch,Harmon County,OK,78605,United States,-5.00,0.08
84,AAAAAAAACFAAAAAA,2001-08-16,\\N,site_13,2450118,2440993,Unknown,James Cagle,1,Sad\, grey others should adopt so high\, sil,Possibly different nu,Rick Norman,4,ese,975,Williams ,Ln,Suite 330,Fairfield,Chambers County,TX,78605,United States,-6.00,0.04
85,AAAAAAAAFFAAAAAA,1997-08-16,\\N,site_14,2450093,\\N,Unknown,Thomas Haynes,4,Even african implications come. ,New\, silent groups shall not leave even. N,John Rodriguez,6,cally,323,Park 5th,Ct.,Suite W,Sunnyside,Green Lake County,WI,51952,United States,-6.00,0.08
86,AAAAAAAAGFAAAAAA,1997-08-16,2000-08-15,site_14,2450084,2440959,Unknown,Matthew Ruffin,2,Patiently huge wages,Hard\, green readers could end very imp,Richard Coward,1,ought,678,South Railroad,Blvd,Suite 310,Glenwood,Baltimore County,MD,23511,United States,-5.00,0.05
87,AAAAAAAAGFAAAAAA,2000-08-16,\\N,site_14,2450084,2440959,Unknown,Matthew Ruffin,6,Bad offences would like henc,Hard\, green readers could end very imp,Charles Vigil,6,cally,678,Davis ,Avenue,Suite S,Enterprise,Arthur County,NE,61757,United States,-5.00,0.05
88,AAAAAAAAIFAAAAAA,1997-08-16,1999-08-16,site_14,2450067,2445504,Unknown,Michael Walker,5,Still foreign difficulties m,Styles would see estates. Names cannot appear as points. Deliberate ,Mark Calderon,3,pri,722,10th 2nd,Ct.,Suite Y,Valley View,Perry County,IL,65124,United States,-6.00,0.02
89,AAAAAAAAIFAAAAAA,1999-08-17,2001-08-15,site_14,2450067,2445504,Unknown,Michael Walker,3,Still foreign difficulties m,Disastrous ages may sound tragic\, serious years. Alternative words pay then,Mark Calderon,3,pri,61,4th Lincoln,RD,Suite 460,Greenfield,Price County,WI,65124,United States,-6.00,0.07
90,AAAAAAAAIFAAAAAA,2001-08-16,\\N,site_14,2450067,2445504,Unknown,John Ryan,2,Still foreign difficulties m,Fears would ask about smooth bodies. Local\, successful participants will talk jus,Todd Billingsley,2,able,61,7th ,Way,Suite 170,Walnut Grove,Mesa County,CO,65124,United States,-7.00,0.09
91,AAAAAAAALFAAAAAA,1997-08-16,\\N,site_15,2450042,\\N,Unknown,Ross Ballard,3,Men may ensure simply ,Finally increased employers flush,Carlos Lewis,4,ese,835,South Hill,ST,Suite 290,Hamilton,Levy County,FL,32808,United States,-5.00,0.02
92,AAAAAAAAMFAAAAAA,1997-08-16,2000-08-15,site_15,2450033,2445470,Unknown,Richard Franklin,3,Details could not deploy expensive\, large instruc,Angry parts shall want more regional miles; tender\, other stars wou,Kenneth Allen,5,anti,413,South ,Parkway,Suite 20,Jamestown,Jefferson County,ID,86867,United States,-7.00,0.02
93,AAAAAAAAMFAAAAAA,2000-08-16,\\N,site_15,2450033,2445470,Unknown,Richard Franklin,3,Businesses review upper experiences. Rates ma,Angry parts shall want more regional miles; tender\, other stars wou,Kenneth Allen,5,anti,413,West ,Boulevard,Suite D,Pleasant Hill,Adams County,IN,86867,United States,-7.00,0.04
94,AAAAAAAAOFAAAAAA,1997-08-16,1999-08-16,site_15,2450016,2440891,Unknown,Alan Townsend,6,Interests pick so conser,Home different trees mention more in a seconds. Basic signs say by far dif,Jeffrey Wiggins,4,ese,867,Railroad ,Ave,Suite 90,Walnut Grove,Wilkinson County,GA,37752,United States,-5.00,0.06
95,AAAAAAAAOFAAAAAA,1999-08-17,2001-08-15,site_15,2450016,2440891,Unknown,Alan Townsend,6,Policies produce succ,Home different trees mention more in a seconds. Basic signs say by far dif,Clarence Guay,4,ese,898,Laurel ,Ln,Suite 330,Mount Olive,Adams County,IN,48059,United States,-5.00,0.06
96,AAAAAAAAOFAAAAAA,2001-08-16,\\N,site_15,2450016,2440891,Unknown,Alan Townsend,6,Policies produce succ,So military visitors may not learn manufacturing se,Clarence Guay,4,ese,898,Third 7th,ST,Suite 280,Mount Vernon,Harmon County,OK,78482,United States,-5.00,0.07
